2026-08-06T02:21:47.1082429Z Current runner version: '2.336.0'
2026-08-06T02:21:47.1108927Z ##[group]Runner Image Provisioner
2026-08-06T02:21:47.1109807Z Hosted Compute Agent
2026-08-06T02:21:47.1110572Z Version: 20260707.563
2026-08-06T02:21:47.1111272Z Commit: 02667638d2b423fbc733a8e32a88b44996a3ba6e
2026-08-06T02:21:47.1112020Z Build Date: 2026-07-07T19:33:50Z
2026-08-06T02:21:47.1112834Z Worker ID: {94978790-7ef1-4655-b9c4-613292c5b49a}
2026-08-06T02:21:47.1113594Z Azure Region: northcentralus
2026-08-06T02:21:47.1114280Z ##[endgroup]
2026-08-06T02:21:47.1115938Z ##[group]Operating System
2026-08-06T02:21:47.1116636Z Ubuntu
2026-08-06T02:21:47.1117286Z 22.04.5
2026-08-06T02:21:47.1118319Z LTS
2026-08-06T02:21:47.1118889Z ##[endgroup]
2026-08-06T02:21:47.1119598Z ##[group]Runner Image
2026-08-06T02:21:47.1120263Z Image: ubuntu-22.04
2026-08-06T02:21:47.1120906Z Version: 20260720.234.2
2026-08-06T02:21:47.1122276Z Included Software: https://github.com/actions/runner-images/blob/ubuntu22/20260720.234/images/ubuntu/Ubuntu2204-Readme.md
2026-08-06T02:21:47.1123996Z Image Release: https://github.com/actions/runner-images/releases/tag/ubuntu22%2F20260720.234
2026-08-06T02:21:47.1125396Z ##[endgroup]
2026-08-06T02:21:47.1126815Z ##[group]GITHUB_TOKEN Permissions
2026-08-06T02:21:47.1129381Z Contents: read
2026-08-06T02:21:47.1130164Z Metadata: read
2026-08-06T02:21:47.1130779Z Packages: read
2026-08-06T02:21:47.1131409Z ##[endgroup]
2026-08-06T02:21:47.1133565Z Secret source: Actions
2026-08-06T02:21:47.1134888Z Prepare workflow directory
2026-08-06T02:21:47.1571356Z Prepare all required actions
2026-08-06T02:21:47.1623370Z Getting action download info
2026-08-06T02:21:47.3863096Z Download action repository 'actions/checkout@v4' (SHA:11d5960a326750d5838078e36cf38b85af677262)
2026-08-06T02:21:47.7114460Z Download action repository 'actions/upload-artifact@v4' (SHA:ea165f8d65b6e75b540449e92b4886f43607fa02)
2026-08-06T02:21:47.9905642Z Complete job name: 安卓16 新版 OrangeFox (zeekr)
2026-08-06T02:21:48.0723881Z Node 20 is being deprecated. This workflow is running with Node 24 by default. If you need to temporarily use Node 20, you can set the ACTIONS_ALLOW_USE_UNSECURE_NODE_VERSION=true environment variable. For more information see: https://github.blog/changelog/2025-09-19-deprecation-of-node-20-on-github-actions-runners/
2026-08-06T02:21:48.0733530Z ##[group]Run actions/checkout@v4
2026-08-06T02:21:48.0734308Z with:
2026-08-06T02:21:48.0735022Z   path: device_tree
2026-08-06T02:21:48.0735826Z   repository: Evil-Freedom/zeekr-orangefox
2026-08-06T02:21:48.0743578Z   token: ***
2026-08-06T02:21:48.0744433Z   ssh-strict: true
2026-08-06T02:21:48.0745209Z   ssh-user: git
2026-08-06T02:21:48.0745992Z   persist-credentials: true
2026-08-06T02:21:48.0746838Z   clean: true
2026-08-06T02:21:48.0747900Z   sparse-checkout-cone-mode: true
2026-08-06T02:21:48.0748817Z   fetch-depth: 1
2026-08-06T02:21:48.0749536Z   fetch-tags: false
2026-08-06T02:21:48.0750387Z   show-progress: true
2026-08-06T02:21:48.0751257Z   lfs: false
2026-08-06T02:21:48.0752075Z   submodules: false
2026-08-06T02:21:48.0752925Z   set-safe-directory: true
2026-08-06T02:21:48.0753815Z   allow-unsafe-pr-checkout: false
2026-08-06T02:21:48.0755233Z env:
2026-08-06T02:21:48.0755968Z   DEVICE_16: zeekr
2026-08-06T02:21:48.0756755Z   DEVICE_14: zeekr14
2026-08-06T02:21:48.0758225Z   KERNEL_REPO: https://github.com/LineageOS/android_kernel_motorola_sm8475.git
2026-08-06T02:21:48.0759611Z   CCACHE_DIR: /root/.ccache
2026-08-06T02:21:48.0760453Z ##[endgroup]
2026-08-06T02:21:48.1895601Z Syncing repository: Evil-Freedom/zeekr-orangefox
2026-08-06T02:21:48.1899013Z ##[group]Getting Git version info
2026-08-06T02:21:48.1900447Z Working directory is '/home/runner/work/zeekr-orangefox/zeekr-orangefox/device_tree'
2026-08-06T02:21:48.1902353Z [command]/usr/bin/git version
2026-08-06T02:21:48.2004584Z git version 2.54.0
2026-08-06T02:21:48.2036131Z ##[endgroup]
2026-08-06T02:21:48.2053956Z Temporarily overriding HOME='/home/runner/work/_temp/9c6e0d4e-60af-44d1-8887-0c468a0132bf' before making global git config changes
2026-08-06T02:21:48.2056967Z Adding repository directory to the temporary git global config as a safe directory
2026-08-06T02:21:48.2060833Z [command]/usr/bin/git config --global --add safe.directory /home/runner/work/zeekr-orangefox/zeekr-orangefox/device_tree
2026-08-06T02:21:48.2101153Z ##[group]Initializing the repository
2026-08-06T02:21:48.2106309Z [command]/usr/bin/git init /home/runner/work/zeekr-orangefox/zeekr-orangefox/device_tree
2026-08-06T02:21:48.2229508Z hint: Using 'master' as the name for the initial branch. This default branch name
2026-08-06T02:21:48.2231597Z hint: will change to "main" in Git 3.0. To configure the initial branch name
2026-08-06T02:21:48.2233493Z hint: to use in all of your new repositories, which will suppress this warning,
2026-08-06T02:21:48.2235071Z hint: call:
2026-08-06T02:21:48.2235673Z hint:
2026-08-06T02:21:48.2236365Z hint: 	git config --global init.defaultBranch <name>
2026-08-06T02:21:48.2237202Z hint:
2026-08-06T02:21:48.2238707Z hint: Names commonly chosen instead of 'master' are 'main', 'trunk' and
2026-08-06T02:21:48.2240120Z hint: 'development'. The just-created branch can be renamed via this command:
2026-08-06T02:21:48.2241037Z hint:
2026-08-06T02:21:48.2241557Z hint: 	git branch -m <name>
2026-08-06T02:21:48.2242032Z hint:
2026-08-06T02:21:48.2242797Z hint: Disable this message with "git config set advice.defaultBranchName false"
2026-08-06T02:21:48.2244196Z Initialized empty Git repository in /home/runner/work/zeekr-orangefox/zeekr-orangefox/device_tree/.git/
2026-08-06T02:21:48.2246562Z [command]/usr/bin/git remote add origin https://github.com/Evil-Freedom/zeekr-orangefox
2026-08-06T02:21:48.2291092Z ##[endgroup]
2026-08-06T02:21:48.2292338Z ##[group]Disabling automatic garbage collection
2026-08-06T02:21:48.2295508Z [command]/usr/bin/git config --local gc.auto 0
2026-08-06T02:21:48.2334697Z ##[endgroup]
2026-08-06T02:21:48.2335847Z ##[group]Setting up auth
2026-08-06T02:21:48.2344909Z [command]/usr/bin/git config --local --name-only --get-regexp core\.sshCommand
2026-08-06T02:21:48.2381771Z [command]/usr/bin/git submodule foreach --recursive sh -c "git config --local --name-only --get-regexp 'core\.sshCommand' && git config --local --unset-all 'core.sshCommand' || :"
2026-08-06T02:21:48.2839240Z [command]/usr/bin/git config --local --name-only --get-regexp http\.https\:\/\/github\.com\/\.extraheader
2026-08-06T02:21:48.2878668Z [command]/usr/bin/git submodule foreach --recursive sh -c "git config --local --name-only --get-regexp 'http\.https\:\/\/github\.com\/\.extraheader' && git config --local --unset-all 'http.https://github.com/.extraheader' || :"
2026-08-06T02:21:48.3135775Z [command]/usr/bin/git config --local --name-only --get-regexp ^includeIf\.gitdir:
2026-08-06T02:21:48.3177052Z [command]/usr/bin/git submodule foreach --recursive git config --local --show-origin --name-only --get-regexp remote.origin.url
2026-08-06T02:21:48.3441935Z [command]/usr/bin/git config --local http.https://github.com/.extraheader AUTHORIZATION: basic ***
2026-08-06T02:21:48.3484199Z ##[endgroup]
2026-08-06T02:21:48.3485101Z ##[group]Fetching the repository
2026-08-06T02:21:48.3494338Z [command]/usr/bin/git -c protocol.version=2 fetch --no-tags --prune --no-recurse-submodules --depth=1 origin +6a8ed676fd1e3121f34155b083e9cf05df87522c:refs/remotes/origin/main
2026-08-06T02:21:48.6079049Z From https://github.com/Evil-Freedom/zeekr-orangefox
2026-08-06T02:21:48.6081839Z  * [new ref]         6a8ed676fd1e3121f34155b083e9cf05df87522c -> origin/main
2026-08-06T02:21:48.6108855Z ##[endgroup]
2026-08-06T02:21:48.6109985Z ##[group]Determining the checkout info
2026-08-06T02:21:48.6111584Z ##[endgroup]
2026-08-06T02:21:48.6117282Z [command]/usr/bin/git sparse-checkout disable
2026-08-06T02:21:48.6165828Z [command]/usr/bin/git config --local --unset-all extensions.worktreeConfig
2026-08-06T02:21:48.6199410Z ##[group]Checking out the ref
2026-08-06T02:21:48.6203447Z [command]/usr/bin/git checkout --progress --force -B main refs/remotes/origin/main
2026-08-06T02:21:48.6323732Z Switched to a new branch 'main'
2026-08-06T02:21:48.6326523Z branch 'main' set up to track 'origin/main'.
2026-08-06T02:21:48.6334495Z ##[endgroup]
2026-08-06T02:21:48.6377555Z [command]/usr/bin/git log -1 --format=%H
2026-08-06T02:21:48.6406429Z 6a8ed676fd1e3121f34155b083e9cf05df87522c
2026-08-06T02:21:48.6654188Z ##[group]Run sudo apt-get update
2026-08-06T02:21:48.6655403Z [36;1msudo apt-get update[0m
2026-08-06T02:21:48.6657076Z [36;1msudo apt-get install -y bc bison build-essential ccache curl flex g++-multilib \[0m
2026-08-06T02:21:48.6659866Z [36;1m  gcc-multilib git gnupg gperf imagemagick lib32ncurses-dev lib32readline-dev \[0m
2026-08-06T02:21:48.6662332Z [36;1m  lib32z1-dev liblz4-tool libncurses5-dev libsdl1.2-dev libssl-dev libxml2 \[0m
2026-08-06T02:21:48.6664682Z [36;1m  libxml2-utils lzop pngcrush rsync schedtool squashfs-tools xsltproc zip \[0m
2026-08-06T02:21:48.6666850Z [36;1m  zlib1g-dev python3 python3-pip openjdk-17-jdk repo sshpass[0m
2026-08-06T02:21:48.6668554Z [36;1msudo apt-get clean[0m
2026-08-06T02:21:48.6800696Z shell: /usr/bin/bash -e {0}
2026-08-06T02:21:48.6801730Z env:
2026-08-06T02:21:48.6802458Z   DEVICE_16: zeekr
2026-08-06T02:21:48.6803284Z   DEVICE_14: zeekr14
2026-08-06T02:21:48.6804774Z   KERNEL_REPO: https://github.com/LineageOS/android_kernel_motorola_sm8475.git
2026-08-06T02:21:48.6806467Z   CCACHE_DIR: /root/.ccache
2026-08-06T02:21:48.6807613Z ##[endgroup]
2026-08-06T02:21:48.9143684Z Get:1 file:/etc/apt/apt-mirrors.txt Mirrorlist [144 B]
2026-08-06T02:21:48.9273117Z Get:6 https://packages.microsoft.com/repos/azure-cli jammy InRelease [3596 B]
2026-08-06T02:21:48.9532314Z Hit:2 http://azure.archive.ubuntu.com/ubuntu jammy InRelease
2026-08-06T02:21:48.9539630Z Get:7 https://packages.microsoft.com/ubuntu/22.04/prod jammy InRelease [3632 B]
2026-08-06T02:21:48.9603110Z Get:8 https://dl.google.com/linux/chrome-stable/deb stable InRelease [2548 B]
2026-08-06T02:21:48.9676146Z Get:3 http://azure.archive.ubuntu.com/ubuntu jammy-updates InRelease [128 kB]
2026-08-06T02:21:48.9835911Z Get:4 http://azure.archive.ubuntu.com/ubuntu jammy-backports InRelease [127 kB]
2026-08-06T02:21:48.9862954Z Get:5 http://azure.archive.ubuntu.com/ubuntu jammy-security InRelease [129 kB]
2026-08-06T02:21:49.0654841Z Get:9 https://packages.microsoft.com/repos/azure-cli jammy/main amd64 Packages [3451 B]
2026-08-06T02:21:49.2041777Z Get:10 https://packages.microsoft.com/ubuntu/22.04/prod jammy/main arm64 Packages [352 kB]
2026-08-06T02:21:49.2113572Z Get:11 https://packages.microsoft.com/ubuntu/22.04/prod jammy/main amd64 Packages [572 kB]
2026-08-06T02:21:49.2191681Z Get:12 https://packages.microsoft.com/ubuntu/22.04/prod jammy/main armhf Packages [22.9 kB]
2026-08-06T02:21:49.2226028Z Get:13 https://packages.microsoft.com/ubuntu/22.04/prod jammy/main all Packages [1333 B]
2026-08-06T02:21:49.2949687Z Get:14 https://dl.google.com/linux/chrome-stable/deb stable/main amd64 Packages [1409 B]
2026-08-06T02:21:49.3527311Z Get:15 http://azure.archive.ubuntu.com/ubuntu jammy-updates/main amd64 Packages [3714 kB]
2026-08-06T02:21:49.3723406Z Get:16 http://azure.archive.ubuntu.com/ubuntu jammy-updates/main Translation-en [554 kB]
2026-08-06T02:21:49.3809890Z Get:17 http://azure.archive.ubuntu.com/ubuntu jammy-updates/restricted amd64 Packages [6403 kB]
2026-08-06T02:21:49.4153630Z Get:18 http://azure.archive.ubuntu.com/ubuntu jammy-updates/restricted Translation-en [1226 kB]
2026-08-06T02:21:49.4249437Z Get:19 http://azure.archive.ubuntu.com/ubuntu jammy-updates/universe amd64 Packages [1279 kB]
2026-08-06T02:21:49.4314636Z Get:20 http://azure.archive.ubuntu.com/ubuntu jammy-updates/universe Translation-en [322 kB]
2026-08-06T02:21:49.4328594Z Get:21 http://azure.archive.ubuntu.com/ubuntu jammy-updates/multiverse amd64 Packages [76.5 kB]
2026-08-06T02:21:49.4344603Z Get:22 http://azure.archive.ubuntu.com/ubuntu jammy-updates/multiverse Translation-en [15.9 kB]
2026-08-06T02:21:49.5779729Z Get:23 http://azure.archive.ubuntu.com/ubuntu jammy-security/main amd64 Packages [3445 kB]
2026-08-06T02:21:49.5912715Z Get:24 http://azure.archive.ubuntu.com/ubuntu jammy-security/main Translation-en [485 kB]
2026-08-06T02:21:49.6392607Z Get:25 http://azure.archive.ubuntu.com/ubuntu jammy-security/restricted amd64 Packages [6165 kB]
2026-08-06T02:21:49.6720841Z Get:26 http://azure.archive.ubuntu.com/ubuntu jammy-security/restricted Translation-en [1182 kB]
2026-08-06T02:21:49.6769698Z Get:27 http://azure.archive.ubuntu.com/ubuntu jammy-security/universe amd64 Packages [1046 kB]
2026-08-06T02:21:49.6825947Z Get:28 http://azure.archive.ubuntu.com/ubuntu jammy-security/universe Translation-en [234 kB]
2026-08-06T02:21:49.6846368Z Get:29 http://azure.archive.ubuntu.com/ubuntu jammy-security/multiverse amd64 Packages [69.1 kB]
2026-08-06T02:21:49.6860276Z Get:30 http://azure.archive.ubuntu.com/ubuntu jammy-security/multiverse Translation-en [12.9 kB]
2026-08-06T02:21:58.3745694Z Fetched 27.6 MB in 3s (8255 kB/s)
2026-08-06T02:21:59.5722189Z Reading package lists...
2026-08-06T02:21:59.6380716Z Reading package lists...
2026-08-06T02:21:59.8919847Z Building dependency tree...
2026-08-06T02:21:59.8931485Z Reading state information...
2026-08-06T02:22:00.1553280Z bc is already the newest version (1.07.1-3build1).
2026-08-06T02:22:00.1554117Z bc set to manually installed.
2026-08-06T02:22:00.1554714Z bison is already the newest version (2:3.8.2+dfsg-1build1).
2026-08-06T02:22:00.1555436Z build-essential is already the newest version (12.9ubuntu3).
2026-08-06T02:22:00.1556138Z build-essential set to manually installed.
2026-08-06T02:22:00.1556734Z flex is already the newest version (2.6.4-8build2).
2026-08-06T02:22:00.1557683Z squashfs-tools is already the newest version (1:4.5-3build1).
2026-08-06T02:22:00.1558420Z squashfs-tools set to manually installed.
2026-08-06T02:22:00.1559049Z zip is already the newest version (3.0-12build2).
2026-08-06T02:22:00.1559796Z sshpass is already the newest version (1.09-1).
2026-08-06T02:22:00.1560514Z curl is already the newest version (7.81.0-1ubuntu1.25).
2026-08-06T02:22:00.1561154Z gnupg is already the newest version (2.2.27-3ubuntu2.5).
2026-08-06T02:22:00.1561843Z libxml2 is already the newest version (2.9.13+dfsg-1ubuntu0.12).
2026-08-06T02:22:00.1562497Z libxml2 set to manually installed.
2026-08-06T02:22:00.1563064Z python3 is already the newest version (3.10.6-1~22.04.1).
2026-08-06T02:22:00.1563750Z rsync is already the newest version (3.2.7-0ubuntu0.22.04.7).
2026-08-06T02:22:00.1564465Z zlib1g-dev is already the newest version (1:1.2.11.dfsg-2ubuntu9.2).
2026-08-06T02:22:00.1565221Z imagemagick is already the newest version (8:6.9.11.60+dfsg-1.3ubuntu0.22.04.5).
2026-08-06T02:22:00.1565992Z python3-pip is already the newest version (22.0.2+dfsg-1ubuntu0.7).
2026-08-06T02:22:00.1566656Z git is already the newest version (1:2.54.0-0ppa1~ubuntu22.04.1).
2026-08-06T02:22:00.1567283Z The following additional packages will be installed:
2026-08-06T02:22:00.1568221Z   ca-certificates-java g++-11-multilib gcc-11-multilib lib32asan6 lib32atomic1
2026-08-06T02:22:00.1568978Z   lib32gcc-11-dev lib32gomp1 lib32itm1 lib32ncurses6 lib32ncursesw6
2026-08-06T02:22:00.1569813Z   lib32quadmath0 lib32readline8 lib32stdc++-11-dev lib32tinfo6 lib32ubsan1
2026-08-06T02:22:00.1570708Z   libasound2-dev libasyncns0 libatk-wrapper-java libatk-wrapper-java-jni
2026-08-06T02:22:00.1571656Z   libc-dev-bin libc6 libc6-dev libc6-dev-i386 libc6-dev-x32 libc6-i386
2026-08-06T02:22:00.1578316Z   libc6-x32 libcaca-dev libcaca0 libflac8 libgl-dev libglu1-mesa
2026-08-06T02:22:00.1578870Z   libglu1-mesa-dev libglx-dev libhiredis0.14 libopengl0 libopus0 libpcsclite1
2026-08-06T02:22:00.1579430Z   libpulse-dev libpulse-mainloop-glib0 libpulse0 libsdl1.2debian libslang2-dev
2026-08-06T02:22:00.1580225Z   libsndfile1 libssl3 libvorbisenc2 libx32asan6 libx32atomic1 libx32gcc-11-dev
2026-08-06T02:22:00.1580878Z   libx32gcc-s1 libx32gomp1 libx32itm1 libx32quadmath0 libx32stdc++-11-dev
2026-08-06T02:22:00.1581360Z   libx32stdc++6 libx32ubsan1 libxcb-shape0 libxv1 libxxf86dga1
2026-08-06T02:22:00.1581794Z   openjdk-17-jdk-headless openjdk-17-jre openjdk-17-jre-headless
2026-08-06T02:22:00.1582509Z   python3-kerberos x11-utils
2026-08-06T02:22:00.1582751Z Suggested packages:
2026-08-06T02:22:00.1583056Z   distcc | icecc lib32stdc++6-11-dbg libx32stdc++6-11-dbg ncurses-doc
2026-08-06T02:22:00.1583728Z   libasound2-doc glibc-doc manpages-dev opus-tools pcscd pulseaudio libssl-doc
2026-08-06T02:22:00.1584628Z   openjdk-17-demo openjdk-17-source visualvm libnss-mdns fonts-ipafont-gothic
2026-08-06T02:22:00.1585146Z   fonts-ipafont-mincho fonts-wqy-microhei | fonts-wqy-zenhei fonts-indic
2026-08-06T02:22:00.1585526Z   mesa-utils
2026-08-06T02:22:00.1585721Z Recommended packages:
2026-08-06T02:22:00.1586003Z   manpages-dev libc-devtools libnss-nis libnss-nisplus
2026-08-06T02:22:00.2336489Z The following NEW packages will be installed:
2026-08-06T02:22:00.2337730Z   ca-certificates-java ccache g++-11-multilib g++-multilib gcc-11-multilib
2026-08-06T02:22:00.2338594Z   gcc-multilib gperf lib32asan6 lib32atomic1 lib32gcc-11-dev lib32gomp1
2026-08-06T02:22:00.2339462Z   lib32itm1 lib32ncurses-dev lib32ncurses6 lib32ncursesw6 lib32quadmath0
2026-08-06T02:22:00.2340302Z   lib32readline-dev lib32readline8 lib32stdc++-11-dev lib32tinfo6 lib32ubsan1
2026-08-06T02:22:00.2341093Z   lib32z1-dev libasound2-dev libasyncns0 libatk-wrapper-java
2026-08-06T02:22:00.2341921Z   libatk-wrapper-java-jni libc6-dev-i386 libc6-dev-x32 libc6-x32 libcaca-dev
2026-08-06T02:22:00.2342804Z   libcaca0 libflac8 libgl-dev libglu1-mesa libglu1-mesa-dev libglx-dev
2026-08-06T02:22:00.2343694Z   libhiredis0.14 liblz4-tool libncurses5-dev libopengl0 libopus0 libpcsclite1
2026-08-06T02:22:00.2344629Z   libpulse-dev libpulse-mainloop-glib0 libpulse0 libsdl1.2-dev libsdl1.2debian
2026-08-06T02:22:00.2345482Z   libslang2-dev libsndfile1 libvorbisenc2 libx32asan6 libx32atomic1
2026-08-06T02:22:00.2346221Z   libx32gcc-11-dev libx32gcc-s1 libx32gomp1 libx32itm1 libx32quadmath0
2026-08-06T02:22:00.2423298Z   libx32stdc++-11-dev libx32stdc++6 libx32ubsan1 libxcb-shape0 libxml2-utils
2026-08-06T02:22:00.2424595Z   libxv1 libxxf86dga1 lzop openjdk-17-jdk openjdk-17-jdk-headless
2026-08-06T02:22:00.2425864Z   openjdk-17-jre openjdk-17-jre-headless pngcrush python3-kerberos repo
2026-08-06T02:22:00.2426950Z   schedtool x11-utils xsltproc
2026-08-06T02:22:00.2427950Z The following packages will be upgraded:
2026-08-06T02:22:00.2428550Z   libc-dev-bin libc6 libc6-dev libc6-i386 libssl-dev libssl3
2026-08-06T02:22:00.2572075Z 6 upgraded, 75 newly installed, 0 to remove and 85 not upgraded.
2026-08-06T02:22:00.2572744Z Need to get 162 MB of archives.
2026-08-06T02:22:00.2573111Z After this operation, 390 MB of additional disk space will be used.
2026-08-06T02:22:00.2573528Z Get:1 file:/etc/apt/apt-mirrors.txt Mirrorlist [144 B]
2026-08-06T02:22:00.3062391Z Get:2 http://azure.archive.ubuntu.com/ubuntu jammy-updates/main amd64 libc6-dev amd64 2.35-0ubuntu3.14 [2100 kB]
2026-08-06T02:22:00.3571934Z Get:3 http://azure.archive.ubuntu.com/ubuntu jammy-updates/main amd64 libc-dev-bin amd64 2.35-0ubuntu3.14 [20.3 kB]
2026-08-06T02:22:00.3798476Z Get:4 http://azure.archive.ubuntu.com/ubuntu jammy-updates/main amd64 libc6-i386 amd64 2.35-0ubuntu3.14 [2838 kB]
2026-08-06T02:22:00.4338425Z Get:5 http://azure.archive.ubuntu.com/ubuntu jammy-updates/main amd64 libc6 amd64 2.35-0ubuntu3.14 [3234 kB]
2026-08-06T02:22:00.4903929Z Get:6 http://azure.archive.ubuntu.com/ubuntu jammy-updates/main amd64 libssl-dev amd64 3.0.2-0ubuntu1.26 [2377 kB]
2026-08-06T02:22:00.5699734Z Get:7 http://azure.archive.ubuntu.com/ubuntu jammy-updates/main amd64 libssl3 amd64 3.0.2-0ubuntu1.26 [1906 kB]
2026-08-06T02:22:00.6126545Z Get:8 http://azure.archive.ubuntu.com/ubuntu jammy-updates/main amd64 libpcsclite1 amd64 1.9.5-3ubuntu1 [19.8 kB]
2026-08-06T02:22:00.6352306Z Get:9 http://azure.archive.ubuntu.com/ubuntu jammy-updates/universe amd64 openjdk-17-jre-headless amd64 17.0.19+10-1~22.04.2 [48.4 MB]
2026-08-06T02:22:01.2286253Z Get:10 http://azure.archive.ubuntu.com/ubuntu jammy-updates/main amd64 ca-certificates-java all 20190909ubuntu1.3 [12.3 kB]
2026-08-06T02:22:01.2514983Z Get:11 http://azure.archive.ubuntu.com/ubuntu jammy/universe amd64 libhiredis0.14 amd64 0.14.1-2 [32.8 kB]
2026-08-06T02:22:01.2739968Z Get:12 http://azure.archive.ubuntu.com/ubuntu jammy/universe amd64 ccache amd64 4.5.1-1 [495 kB]
2026-08-06T02:22:01.3158432Z Get:13 http://azure.archive.ubuntu.com/ubuntu jammy-updates/main amd64 libc6-dev-i386 amd64 2.35-0ubuntu3.14 [1444 kB]
2026-08-06T02:22:01.3524774Z Get:14 http://azure.archive.ubuntu.com/ubuntu jammy-updates/main amd64 libc6-x32 amd64 2.35-0ubuntu3.14 [2978 kB]
2026-08-06T02:22:01.4064712Z Get:15 http://azure.archive.ubuntu.com/ubuntu jammy-updates/main amd64 libc6-dev-x32 amd64 2.35-0ubuntu3.14 [1631 kB]
2026-08-06T02:22:01.4450197Z Get:16 http://azure.archive.ubuntu.com/ubuntu jammy-updates/main amd64 libx32gcc-s1 amd64 12.3.0-1ubuntu1~22.04.3 [54.0 kB]
2026-08-06T02:22:01.4740414Z Get:17 http://azure.archive.ubuntu.com/ubuntu jammy-updates/main amd64 lib32gomp1 amd64 12.3.0-1ubuntu1~22.04.3 [133 kB]
2026-08-06T02:22:01.5016475Z Get:18 http://azure.archive.ubuntu.com/ubuntu jammy-updates/main amd64 libx32gomp1 amd64 12.3.0-1ubuntu1~22.04.3 [127 kB]
2026-08-06T02:22:01.5287211Z Get:19 http://azure.archive.ubuntu.com/ubuntu jammy-updates/main amd64 lib32itm1 amd64 12.3.0-1ubuntu1~22.04.3 [32.0 kB]
2026-08-06T02:22:01.5967845Z Get:20 http://azure.archive.ubuntu.com/ubuntu jammy-updates/main amd64 libx32itm1 amd64 12.3.0-1ubuntu1~22.04.3 [30.2 kB]
2026-08-06T02:22:01.6233162Z Get:21 http://azure.archive.ubuntu.com/ubuntu jammy-updates/main amd64 lib32atomic1 amd64 12.3.0-1ubuntu1~22.04.3 [8516 B]
2026-08-06T02:22:01.6498711Z Get:22 http://azure.archive.ubuntu.com/ubuntu jammy-updates/main amd64 libx32atomic1 amd64 12.3.0-1ubuntu1~22.04.3 [10.2 kB]
2026-08-06T02:22:01.6765144Z Get:23 http://azure.archive.ubuntu.com/ubuntu jammy-updates/main amd64 lib32asan6 amd64 11.4.0-1ubuntu1~22.04.3 [2154 kB]
2026-08-06T02:22:01.7374695Z Get:24 http://azure.archive.ubuntu.com/ubuntu jammy-updates/main amd64 libx32asan6 amd64 11.4.0-1ubuntu1~22.04.3 [2129 kB]
2026-08-06T02:22:01.7981834Z Get:25 http://azure.archive.ubuntu.com/ubuntu jammy-updates/main amd64 lib32ubsan1 amd64 12.3.0-1ubuntu1~22.04.3 [959 kB]
2026-08-06T02:22:01.8428577Z Get:26 http://azure.archive.ubuntu.com/ubuntu jammy-updates/main amd64 libx32stdc++6 amd64 12.3.0-1ubuntu1~22.04.3 [682 kB]
2026-08-06T02:22:01.8815498Z Get:27 http://azure.archive.ubuntu.com/ubuntu jammy-updates/main amd64 libx32ubsan1 amd64 12.3.0-1ubuntu1~22.04.3 [963 kB]
2026-08-06T02:22:01.9157705Z Get:28 http://azure.archive.ubuntu.com/ubuntu jammy-updates/main amd64 lib32quadmath0 amd64 12.3.0-1ubuntu1~22.04.3 [244 kB]
2026-08-06T02:22:01.9439670Z Get:29 http://azure.archive.ubuntu.com/ubuntu jammy-updates/main amd64 libx32quadmath0 amd64 12.3.0-1ubuntu1~22.04.3 [156 kB]
2026-08-06T02:22:01.9718874Z Get:30 http://azure.archive.ubuntu.com/ubuntu jammy-updates/main amd64 lib32gcc-11-dev amd64 11.4.0-1ubuntu1~22.04.3 [2339 kB]
2026-08-06T02:22:02.0229469Z Get:31 http://azure.archive.ubuntu.com/ubuntu jammy-updates/main amd64 libx32gcc-11-dev amd64 11.4.0-1ubuntu1~22.04.3 [2107 kB]
2026-08-06T02:22:02.0766109Z Get:32 http://azure.archive.ubuntu.com/ubuntu jammy-updates/main amd64 gcc-11-multilib amd64 11.4.0-1ubuntu1~22.04.3 [880 B]
2026-08-06T02:22:02.1066580Z Get:33 http://azure.archive.ubuntu.com/ubuntu jammy-updates/main amd64 lib32stdc++-11-dev amd64 11.4.0-1ubuntu1~22.04.3 [989 kB]
2026-08-06T02:22:02.1469770Z Get:34 http://azure.archive.ubuntu.com/ubuntu jammy-updates/main amd64 libx32stdc++-11-dev amd64 11.4.0-1ubuntu1~22.04.3 [906 kB]
2026-08-06T02:22:02.1829590Z Get:35 http://azure.archive.ubuntu.com/ubuntu jammy-updates/main amd64 g++-11-multilib amd64 11.4.0-1ubuntu1~22.04.3 [894 B]
2026-08-06T02:22:02.2091926Z Get:36 http://azure.archive.ubuntu.com/ubuntu jammy/main amd64 gcc-multilib amd64 4:11.2.0-1ubuntu1 [1382 B]
2026-08-06T02:22:02.2309437Z Get:37 http://azure.archive.ubuntu.com/ubuntu jammy/main amd64 g++-multilib amd64 4:11.2.0-1ubuntu1 [854 B]
2026-08-06T02:22:02.3035668Z Get:38 http://azure.archive.ubuntu.com/ubuntu jammy/universe amd64 gperf amd64 3.1-1build1 [103 kB]
2026-08-06T02:22:02.3310802Z Get:39 http://azure.archive.ubuntu.com/ubuntu jammy-updates/main amd64 lib32tinfo6 amd64 6.3-2ubuntu0.2 [103 kB]
2026-08-06T02:22:02.3546154Z Get:40 http://azure.archive.ubuntu.com/ubuntu jammy-updates/main amd64 lib32ncurses6 amd64 6.3-2ubuntu0.2 [116 kB]
2026-08-06T02:22:02.3773922Z Get:41 http://azure.archive.ubuntu.com/ubuntu jammy-updates/main amd64 lib32ncursesw6 amd64 6.3-2ubuntu0.2 [157 kB]
2026-08-06T02:22:02.4066523Z Get:42 http://azure.archive.ubuntu.com/ubuntu jammy-updates/main amd64 lib32ncurses-dev amd64 6.3-2ubuntu0.2 [350 kB]
2026-08-06T02:22:02.4318551Z Get:43 http://azure.archive.ubuntu.com/ubuntu jammy/main amd64 lib32readline8 amd64 8.1.2-1 [154 kB]
2026-08-06T02:22:02.4587986Z Get:44 http://azure.archive.ubuntu.com/ubuntu jammy/main amd64 lib32readline-dev amd64 8.1.2-1 [161 kB]
2026-08-06T02:22:02.4847919Z Get:45 http://azure.archive.ubuntu.com/ubuntu jammy-updates/main amd64 lib32z1-dev amd64 1:1.2.11.dfsg-2ubuntu9.2 [62.1 kB]
2026-08-06T02:22:02.5068065Z Get:46 http://azure.archive.ubuntu.com/ubuntu jammy-updates/main amd64 libasound2-dev amd64 1.2.6.1-1ubuntu1.2 [110 kB]
2026-08-06T02:22:02.5346380Z Get:47 http://azure.archive.ubuntu.com/ubuntu jammy/main amd64 libasyncns0 amd64 0.8-6build2 [12.8 kB]
2026-08-06T02:22:02.5668263Z Get:48 http://azure.archive.ubuntu.com/ubuntu jammy/main amd64 libxcb-shape0 amd64 1.14-3ubuntu3 [6158 B]
2026-08-06T02:22:02.5932624Z Get:49 http://azure.archive.ubuntu.com/ubuntu jammy/main amd64 libxv1 amd64 2:1.0.11-1build2 [11.2 kB]
2026-08-06T02:22:02.6216337Z Get:50 http://azure.archive.ubuntu.com/ubuntu jammy/main amd64 libxxf86dga1 amd64 2:1.1.5-0ubuntu3 [12.6 kB]
2026-08-06T02:22:02.6520521Z Get:51 http://azure.archive.ubuntu.com/ubuntu jammy/main amd64 x11-utils amd64 7.7+5build2 [206 kB]
2026-08-06T02:22:02.6809908Z Get:52 http://azure.archive.ubuntu.com/ubuntu jammy/main amd64 libatk-wrapper-java all 0.38.0-5build1 [53.1 kB]
2026-08-06T02:22:02.7086487Z Get:53 http://azure.archive.ubuntu.com/ubuntu jammy/main amd64 libatk-wrapper-java-jni amd64 0.38.0-5build1 [49.0 kB]
2026-08-06T02:22:02.7373468Z Get:54 http://azure.archive.ubuntu.com/ubuntu jammy-updates/main amd64 libcaca0 amd64 0.99.beta19-2.2ubuntu4.2 [224 kB]
2026-08-06T02:22:02.7653307Z Get:55 http://azure.archive.ubuntu.com/ubuntu jammy/main amd64 libslang2-dev amd64 2.3.2-5build4 [437 kB]
2026-08-06T02:22:02.7988545Z Get:56 http://azure.archive.ubuntu.com/ubuntu jammy-updates/main amd64 libcaca-dev amd64 0.99.beta19-2.2ubuntu4.2 [772 kB]
2026-08-06T02:22:02.8806831Z Get:57 http://azure.archive.ubuntu.com/ubuntu jammy-updates/main amd64 libflac8 amd64 1.3.3-2ubuntu0.2 [111 kB]
2026-08-06T02:22:02.9140027Z Get:58 http://azure.archive.ubuntu.com/ubuntu jammy/main amd64 libglx-dev amd64 1.4.0-1 [14.1 kB]
2026-08-06T02:22:02.9404524Z Get:59 http://azure.archive.ubuntu.com/ubuntu jammy/main amd64 libgl-dev amd64 1.4.0-1 [101 kB]
2026-08-06T02:22:02.9706770Z Get:60 http://azure.archive.ubuntu.com/ubuntu jammy/main amd64 libopengl0 amd64 1.4.0-1 [36.5 kB]
2026-08-06T02:22:02.9973685Z Get:61 http://azure.archive.ubuntu.com/ubuntu jammy/main amd64 libglu1-mesa amd64 9.0.2-1 [145 kB]
2026-08-06T02:22:03.0262948Z Get:62 http://azure.archive.ubuntu.com/ubuntu jammy/main amd64 libglu1-mesa-dev amd64 9.0.2-1 [231 kB]
2026-08-06T02:22:03.0573042Z Get:63 http://azure.archive.ubuntu.com/ubuntu jammy-updates/main amd64 libncurses5-dev amd64 6.3-2ubuntu0.2 [788 B]
2026-08-06T02:22:03.0840568Z Get:64 http://azure.archive.ubuntu.com/ubuntu jammy/main amd64 libopus0 amd64 1.3.1-0.1build2 [203 kB]
2026-08-06T02:22:03.1163479Z Get:65 http://azure.archive.ubuntu.com/ubuntu jammy/main amd64 libvorbisenc2 amd64 1.3.7-1build2 [82.6 kB]
2026-08-06T02:22:03.1441354Z Get:66 http://azure.archive.ubuntu.com/ubuntu jammy-updates/main amd64 libsndfile1 amd64 1.0.31-2ubuntu0.2 [196 kB]
2026-08-06T02:22:03.1730421Z Get:67 http://azure.archive.ubuntu.com/ubuntu jammy-updates/main amd64 libpulse0 amd64 1:15.99.1+dfsg1-1ubuntu2.2 [298 kB]
2026-08-06T02:22:03.2045738Z Get:68 http://azure.archive.ubuntu.com/ubuntu jammy-updates/main amd64 libpulse-mainloop-glib0 amd64 1:15.99.1+dfsg1-1ubuntu2.2 [12.4 kB]
2026-08-06T02:22:03.2309432Z Get:69 http://azure.archive.ubuntu.com/ubuntu jammy-updates/main amd64 libpulse-dev amd64 1:15.99.1+dfsg1-1ubuntu2.2 [75.6 kB]
2026-08-06T02:22:03.2580711Z Get:70 http://azure.archive.ubuntu.com/ubuntu jammy/universe amd64 libsdl1.2debian amd64 1.2.15+dfsg2-6 [177 kB]
2026-08-06T02:22:03.2888551Z Get:71 http://azure.archive.ubuntu.com/ubuntu jammy/universe amd64 libsdl1.2-dev amd64 1.2.15+dfsg2-6 [708 kB]
2026-08-06T02:22:03.3263896Z Get:72 http://azure.archive.ubuntu.com/ubuntu jammy-updates/main amd64 libxml2-utils amd64 2.9.13+dfsg-1ubuntu0.12 [40.2 kB]
2026-08-06T02:22:03.3558806Z Get:73 http://azure.archive.ubuntu.com/ubuntu jammy/main amd64 lzop amd64 1.04-2build2 [83.7 kB]
2026-08-06T02:22:03.3915233Z Get:74 http://azure.archive.ubuntu.com/ubuntu jammy-updates/universe amd64 openjdk-17-jre amd64 17.0.19+10-1~22.04.2 [238 kB]
2026-08-06T02:22:03.4223602Z Get:75 http://azure.archive.ubuntu.com/ubuntu jammy-updates/universe amd64 openjdk-17-jdk-headless amd64 17.0.19+10-1~22.04.2 [71.5 MB]
2026-08-06T02:22:04.9202456Z Get:76 http://azure.archive.ubuntu.com/ubuntu jammy-updates/universe amd64 openjdk-17-jdk amd64 17.0.19+10-1~22.04.2 [2477 kB]
2026-08-06T02:22:04.9921244Z Get:77 http://azure.archive.ubuntu.com/ubuntu jammy/universe amd64 pngcrush amd64 1.8.13-0.1 [52.8 kB]
2026-08-06T02:22:05.0191455Z Get:78 http://azure.archive.ubuntu.com/ubuntu jammy/universe amd64 python3-kerberos amd64 1.1.14-3.1build5 [23.0 kB]
2026-08-06T02:22:05.0452746Z Get:79 http://azure.archive.ubuntu.com/ubuntu jammy/multiverse amd64 repo all 2.17.3-3 [118 kB]
2026-08-06T02:22:05.0732706Z Get:80 http://azure.archive.ubuntu.com/ubuntu jammy-updates/main amd64 xsltproc amd64 1.1.34-4ubuntu0.22.04.5 [14.7 kB]
2026-08-06T02:22:05.0998254Z Get:81 http://azure.archive.ubuntu.com/ubuntu jammy/universe amd64 liblz4-tool all 1.9.3-2build2 [2342 B]
2026-08-06T02:22:05.1273012Z Get:82 http://azure.archive.ubuntu.com/ubuntu jammy/universe amd64 schedtool amd64 1.3.0-4 [22.0 kB]
2026-08-06T02:22:05.5726675Z Preconfiguring packages ...
2026-08-06T02:22:05.6454021Z Fetched 162 MB in 5s (33.1 MB/s)
2026-08-06T02:22:05.8562318Z (Reading database ... 
2026-08-06T02:22:05.8562810Z (Reading database ... 5%
2026-08-06T02:22:05.8563163Z (Reading database ... 10%
2026-08-06T02:22:05.8563532Z (Reading database ... 15%
2026-08-06T02:22:05.8563852Z (Reading database ... 20%
2026-08-06T02:22:05.8564159Z (Reading database ... 25%
2026-08-06T02:22:05.8564479Z (Reading database ... 30%
2026-08-06T02:22:05.8564809Z (Reading database ... 35%
2026-08-06T02:22:05.8565134Z (Reading database ... 40%
2026-08-06T02:22:05.8565457Z (Reading database ... 45%
2026-08-06T02:22:05.8565770Z (Reading database ... 50%
2026-08-06T02:22:06.1679769Z (Reading database ... 55%
2026-08-06T02:22:06.4014878Z (Reading database ... 60%
2026-08-06T02:22:06.6382787Z (Reading database ... 65%
2026-08-06T02:22:07.0752184Z (Reading database ... 70%
2026-08-06T02:22:08.0522448Z (Reading database ... 75%
2026-08-06T02:22:08.6117432Z (Reading database ... 80%
2026-08-06T02:22:09.6445971Z (Reading database ... 85%
2026-08-06T02:22:10.5752915Z (Reading database ... 90%
2026-08-06T02:22:11.3191679Z (Reading database ... 95%
2026-08-06T02:22:11.3192096Z (Reading database ... 100%
2026-08-06T02:22:11.3192533Z (Reading database ... 259812 files and directories currently installed.)
2026-08-06T02:22:11.3248495Z Preparing to unpack .../libc6-dev_2.35-0ubuntu3.14_amd64.deb ...
2026-08-06T02:22:11.3284425Z Unpacking libc6-dev:amd64 (2.35-0ubuntu3.14) over (2.35-0ubuntu3.13) ...
2026-08-06T02:22:11.5905804Z Preparing to unpack .../libc-dev-bin_2.35-0ubuntu3.14_amd64.deb ...
2026-08-06T02:22:11.5931811Z Unpacking libc-dev-bin (2.35-0ubuntu3.14) over (2.35-0ubuntu3.13) ...
2026-08-06T02:22:11.6641828Z Preparing to unpack .../libc6-i386_2.35-0ubuntu3.14_amd64.deb ...
2026-08-06T02:22:11.6781964Z Unpacking libc6-i386 (2.35-0ubuntu3.14) over (2.35-0ubuntu3.13) ...
2026-08-06T02:22:11.8566279Z Preparing to unpack .../libc6_2.35-0ubuntu3.14_amd64.deb ...
2026-08-06T02:22:11.9844028Z Unpacking libc6:amd64 (2.35-0ubuntu3.14) over (2.35-0ubuntu3.13) ...
2026-08-06T02:22:12.1486610Z Setting up libc6:amd64 (2.35-0ubuntu3.14) ...
2026-08-06T02:22:12.5972409Z (Reading database ... 
2026-08-06T02:22:12.5973227Z (Reading database ... 5%
2026-08-06T02:22:12.5973671Z (Reading database ... 10%
2026-08-06T02:22:12.5974071Z (Reading database ... 15%
2026-08-06T02:22:12.5974448Z (Reading database ... 20%
2026-08-06T02:22:12.5974842Z (Reading database ... 25%
2026-08-06T02:22:12.5975211Z (Reading database ... 30%
2026-08-06T02:22:12.5975583Z (Reading database ... 35%
2026-08-06T02:22:12.5975956Z (Reading database ... 40%
2026-08-06T02:22:12.5976329Z (Reading database ... 45%
2026-08-06T02:22:12.5976718Z (Reading database ... 50%
2026-08-06T02:22:12.6009673Z (Reading database ... 55%
2026-08-06T02:22:12.6045907Z (Reading database ... 60%
2026-08-06T02:22:12.6174420Z (Reading database ... 65%
2026-08-06T02:22:12.6221438Z (Reading database ... 70%
2026-08-06T02:22:12.6388731Z (Reading database ... 75%
2026-08-06T02:22:12.6481639Z (Reading database ... 80%
2026-08-06T02:22:12.6723938Z (Reading database ... 85%
2026-08-06T02:22:12.6990534Z (Reading database ... 90%
2026-08-06T02:22:12.7118029Z (Reading database ... 95%
2026-08-06T02:22:12.7118915Z (Reading database ... 100%
2026-08-06T02:22:12.7119636Z (Reading database ... 259812 files and directories currently installed.)
2026-08-06T02:22:12.7175721Z Preparing to unpack .../libssl-dev_3.0.2-0ubuntu1.26_amd64.deb ...
2026-08-06T02:22:12.7207577Z Unpacking libssl-dev:amd64 (3.0.2-0ubuntu1.26) over (3.0.2-0ubuntu1.25) ...
2026-08-06T02:22:12.8682566Z Preparing to unpack .../libssl3_3.0.2-0ubuntu1.26_amd64.deb ...
2026-08-06T02:22:12.8771273Z Unpacking libssl3:amd64 (3.0.2-0ubuntu1.26) over (3.0.2-0ubuntu1.25) ...
2026-08-06T02:22:12.9506765Z Setting up libssl3:amd64 (3.0.2-0ubuntu1.26) ...
2026-08-06T02:22:13.0840203Z Selecting previously unselected package libpcsclite1:amd64.
2026-08-06T02:22:13.0921138Z (Reading database ... 
2026-08-06T02:22:13.0921454Z (Reading database ... 5%
2026-08-06T02:22:13.0921733Z (Reading database ... 10%
2026-08-06T02:22:13.0922166Z (Reading database ... 15%
2026-08-06T02:22:13.0922446Z (Reading database ... 20%
2026-08-06T02:22:13.0922734Z (Reading database ... 25%
2026-08-06T02:22:13.0923056Z (Reading database ... 30%
2026-08-06T02:22:13.0923325Z (Reading database ... 35%
2026-08-06T02:22:13.0924139Z (Reading database ... 40%
2026-08-06T02:22:13.0924463Z (Reading database ... 45%
2026-08-06T02:22:13.0924733Z (Reading database ... 50%
2026-08-06T02:22:13.0955912Z (Reading database ... 55%
2026-08-06T02:22:13.0988575Z (Reading database ... 60%
2026-08-06T02:22:13.1093905Z (Reading database ... 65%
2026-08-06T02:22:13.1130969Z (Reading database ... 70%
2026-08-06T02:22:13.1298699Z (Reading database ... 75%
2026-08-06T02:22:13.1377727Z (Reading database ... 80%
2026-08-06T02:22:13.1620746Z (Reading database ... 85%
2026-08-06T02:22:13.1881122Z (Reading database ... 90%
2026-08-06T02:22:13.2006729Z (Reading database ... 95%
2026-08-06T02:22:13.2007588Z (Reading database ... 100%
2026-08-06T02:22:13.2008409Z (Reading database ... 259812 files and directories currently installed.)
2026-08-06T02:22:13.2063308Z Preparing to unpack .../00-libpcsclite1_1.9.5-3ubuntu1_amd64.deb ...
2026-08-06T02:22:13.2074818Z Unpacking libpcsclite1:amd64 (1.9.5-3ubuntu1) ...
2026-08-06T02:22:13.2355502Z Selecting previously unselected package openjdk-17-jre-headless:amd64.
2026-08-06T02:22:13.2550137Z Preparing to unpack .../01-openjdk-17-jre-headless_17.0.19+10-1~22.04.2_amd64.deb ...
2026-08-06T02:22:13.2562083Z Unpacking openjdk-17-jre-headless:amd64 (17.0.19+10-1~22.04.2) ...
2026-08-06T02:22:13.9568502Z Selecting previously unselected package ca-certificates-java.
2026-08-06T02:22:13.9769820Z Preparing to unpack .../02-ca-certificates-java_20190909ubuntu1.3_all.deb ...
2026-08-06T02:22:13.9798348Z Unpacking ca-certificates-java (20190909ubuntu1.3) ...
2026-08-06T02:22:14.0040657Z Selecting previously unselected package libhiredis0.14:amd64.
2026-08-06T02:22:14.0234696Z Preparing to unpack .../03-libhiredis0.14_0.14.1-2_amd64.deb ...
2026-08-06T02:22:14.0246379Z Unpacking libhiredis0.14:amd64 (0.14.1-2) ...
2026-08-06T02:22:14.0481133Z Selecting previously unselected package ccache.
2026-08-06T02:22:14.0679580Z Preparing to unpack .../04-ccache_4.5.1-1_amd64.deb ...
2026-08-06T02:22:14.0688125Z Unpacking ccache (4.5.1-1) ...
2026-08-06T02:22:14.1121546Z Selecting previously unselected package libc6-dev-i386.
2026-08-06T02:22:14.1317171Z Preparing to unpack .../05-libc6-dev-i386_2.35-0ubuntu3.14_amd64.deb ...
2026-08-06T02:22:14.1328345Z Unpacking libc6-dev-i386 (2.35-0ubuntu3.14) ...
2026-08-06T02:22:14.1932478Z Selecting previously unselected package libc6-x32.
2026-08-06T02:22:14.2130474Z Preparing to unpack .../06-libc6-x32_2.35-0ubuntu3.14_amd64.deb ...
2026-08-06T02:22:14.2139957Z Unpacking libc6-x32 (2.35-0ubuntu3.14) ...
2026-08-06T02:22:14.3204135Z Selecting previously unselected package libc6-dev-x32.
2026-08-06T02:22:14.3403338Z Preparing to unpack .../07-libc6-dev-x32_2.35-0ubuntu3.14_amd64.deb ...
2026-08-06T02:22:14.3413346Z Unpacking libc6-dev-x32 (2.35-0ubuntu3.14) ...
2026-08-06T02:22:14.4012833Z Selecting previously unselected package libx32gcc-s1.
2026-08-06T02:22:14.4210907Z Preparing to unpack .../08-libx32gcc-s1_12.3.0-1ubuntu1~22.04.3_amd64.deb ...
2026-08-06T02:22:14.4220406Z Unpacking libx32gcc-s1 (12.3.0-1ubuntu1~22.04.3) ...
2026-08-06T02:22:14.4453596Z Selecting previously unselected package lib32gomp1.
2026-08-06T02:22:14.4651611Z Preparing to unpack .../09-lib32gomp1_12.3.0-1ubuntu1~22.04.3_amd64.deb ...
2026-08-06T02:22:14.4661780Z Unpacking lib32gomp1 (12.3.0-1ubuntu1~22.04.3) ...
2026-08-06T02:22:14.4909745Z Selecting previously unselected package libx32gomp1.
2026-08-06T02:22:14.5106117Z Preparing to unpack .../10-libx32gomp1_12.3.0-1ubuntu1~22.04.3_amd64.deb ...
2026-08-06T02:22:14.5116005Z Unpacking libx32gomp1 (12.3.0-1ubuntu1~22.04.3) ...
2026-08-06T02:22:14.5361350Z Selecting previously unselected package lib32itm1.
2026-08-06T02:22:14.5562652Z Preparing to unpack .../11-lib32itm1_12.3.0-1ubuntu1~22.04.3_amd64.deb ...
2026-08-06T02:22:14.5572704Z Unpacking lib32itm1 (12.3.0-1ubuntu1~22.04.3) ...
2026-08-06T02:22:14.5815197Z Selecting previously unselected package libx32itm1.
2026-08-06T02:22:14.6012790Z Preparing to unpack .../12-libx32itm1_12.3.0-1ubuntu1~22.04.3_amd64.deb ...
2026-08-06T02:22:14.6022923Z Unpacking libx32itm1 (12.3.0-1ubuntu1~22.04.3) ...
2026-08-06T02:22:14.6256644Z Selecting previously unselected package lib32atomic1.
2026-08-06T02:22:14.6454424Z Preparing to unpack .../13-lib32atomic1_12.3.0-1ubuntu1~22.04.3_amd64.deb ...
2026-08-06T02:22:14.6468717Z Unpacking lib32atomic1 (12.3.0-1ubuntu1~22.04.3) ...
2026-08-06T02:22:14.6692711Z Selecting previously unselected package libx32atomic1.
2026-08-06T02:22:14.6889567Z Preparing to unpack .../14-libx32atomic1_12.3.0-1ubuntu1~22.04.3_amd64.deb ...
2026-08-06T02:22:14.6900271Z Unpacking libx32atomic1 (12.3.0-1ubuntu1~22.04.3) ...
2026-08-06T02:22:14.7122099Z Selecting previously unselected package lib32asan6.
2026-08-06T02:22:14.7320673Z Preparing to unpack .../15-lib32asan6_11.4.0-1ubuntu1~22.04.3_amd64.deb ...
2026-08-06T02:22:14.7330261Z Unpacking lib32asan6 (11.4.0-1ubuntu1~22.04.3) ...
2026-08-06T02:22:14.7838217Z Selecting previously unselected package libx32asan6.
2026-08-06T02:22:14.8036607Z Preparing to unpack .../16-libx32asan6_11.4.0-1ubuntu1~22.04.3_amd64.deb ...
2026-08-06T02:22:14.8046109Z Unpacking libx32asan6 (11.4.0-1ubuntu1~22.04.3) ...
2026-08-06T02:22:14.8544012Z Selecting previously unselected package lib32ubsan1.
2026-08-06T02:22:14.8742160Z Preparing to unpack .../17-lib32ubsan1_12.3.0-1ubuntu1~22.04.3_amd64.deb ...
2026-08-06T02:22:14.8753463Z Unpacking lib32ubsan1 (12.3.0-1ubuntu1~22.04.3) ...
2026-08-06T02:22:14.9109946Z Selecting previously unselected package libx32stdc++6.
2026-08-06T02:22:14.9309850Z Preparing to unpack .../18-libx32stdc++6_12.3.0-1ubuntu1~22.04.3_amd64.deb ...
2026-08-06T02:22:14.9322098Z Unpacking libx32stdc++6 (12.3.0-1ubuntu1~22.04.3) ...
2026-08-06T02:22:14.9633280Z Selecting previously unselected package libx32ubsan1.
2026-08-06T02:22:14.9833464Z Preparing to unpack .../19-libx32ubsan1_12.3.0-1ubuntu1~22.04.3_amd64.deb ...
2026-08-06T02:22:14.9844056Z Unpacking libx32ubsan1 (12.3.0-1ubuntu1~22.04.3) ...
2026-08-06T02:22:15.0188351Z Selecting previously unselected package lib32quadmath0.
2026-08-06T02:22:15.0385393Z Preparing to unpack .../20-lib32quadmath0_12.3.0-1ubuntu1~22.04.3_amd64.deb ...
2026-08-06T02:22:15.0395490Z Unpacking lib32quadmath0 (12.3.0-1ubuntu1~22.04.3) ...
2026-08-06T02:22:15.0648236Z Selecting previously unselected package libx32quadmath0.
2026-08-06T02:22:15.0843341Z Preparing to unpack .../21-libx32quadmath0_12.3.0-1ubuntu1~22.04.3_amd64.deb ...
2026-08-06T02:22:15.0853752Z Unpacking libx32quadmath0 (12.3.0-1ubuntu1~22.04.3) ...
2026-08-06T02:22:15.1116157Z Selecting previously unselected package lib32gcc-11-dev.
2026-08-06T02:22:15.1318998Z Preparing to unpack .../22-lib32gcc-11-dev_11.4.0-1ubuntu1~22.04.3_amd64.deb ...
2026-08-06T02:22:15.1328992Z Unpacking lib32gcc-11-dev (11.4.0-1ubuntu1~22.04.3) ...
2026-08-06T02:22:15.1874043Z Selecting previously unselected package libx32gcc-11-dev.
2026-08-06T02:22:15.2079140Z Preparing to unpack .../23-libx32gcc-11-dev_11.4.0-1ubuntu1~22.04.3_amd64.deb ...
2026-08-06T02:22:15.2089997Z Unpacking libx32gcc-11-dev (11.4.0-1ubuntu1~22.04.3) ...
2026-08-06T02:22:15.2572716Z Selecting previously unselected package gcc-11-multilib.
2026-08-06T02:22:15.2769965Z Preparing to unpack .../24-gcc-11-multilib_11.4.0-1ubuntu1~22.04.3_amd64.deb ...
2026-08-06T02:22:15.2780197Z Unpacking gcc-11-multilib (11.4.0-1ubuntu1~22.04.3) ...
2026-08-06T02:22:15.2984071Z Selecting previously unselected package lib32stdc++-11-dev.
2026-08-06T02:22:15.3179778Z Preparing to unpack .../25-lib32stdc++-11-dev_11.4.0-1ubuntu1~22.04.3_amd64.deb ...
2026-08-06T02:22:15.3188472Z Unpacking lib32stdc++-11-dev (11.4.0-1ubuntu1~22.04.3) ...
2026-08-06T02:22:15.3824174Z Selecting previously unselected package libx32stdc++-11-dev.
2026-08-06T02:22:15.4021153Z Preparing to unpack .../26-libx32stdc++-11-dev_11.4.0-1ubuntu1~22.04.3_amd64.deb ...
2026-08-06T02:22:15.4031712Z Unpacking libx32stdc++-11-dev (11.4.0-1ubuntu1~22.04.3) ...
2026-08-06T02:22:15.4792264Z Selecting previously unselected package g++-11-multilib.
2026-08-06T02:22:15.4987946Z Preparing to unpack .../27-g++-11-multilib_11.4.0-1ubuntu1~22.04.3_amd64.deb ...
2026-08-06T02:22:15.4996414Z Unpacking g++-11-multilib (11.4.0-1ubuntu1~22.04.3) ...
2026-08-06T02:22:15.5202291Z Selecting previously unselected package gcc-multilib.
2026-08-06T02:22:15.5398762Z Preparing to unpack .../28-gcc-multilib_4%3a11.2.0-1ubuntu1_amd64.deb ...
2026-08-06T02:22:15.5409530Z Unpacking gcc-multilib (4:11.2.0-1ubuntu1) ...
2026-08-06T02:22:15.5633774Z Selecting previously unselected package g++-multilib.
2026-08-06T02:22:15.5836023Z Preparing to unpack .../29-g++-multilib_4%3a11.2.0-1ubuntu1_amd64.deb ...
2026-08-06T02:22:15.5846299Z Unpacking g++-multilib (4:11.2.0-1ubuntu1) ...
2026-08-06T02:22:15.6066907Z Selecting previously unselected package gperf.
2026-08-06T02:22:15.6271898Z Preparing to unpack .../30-gperf_3.1-1build1_amd64.deb ...
2026-08-06T02:22:15.6282158Z Unpacking gperf (3.1-1build1) ...
2026-08-06T02:22:15.6614926Z Selecting previously unselected package lib32tinfo6.
2026-08-06T02:22:15.6821430Z Preparing to unpack .../31-lib32tinfo6_6.3-2ubuntu0.2_amd64.deb ...
2026-08-06T02:22:15.6832152Z Unpacking lib32tinfo6 (6.3-2ubuntu0.2) ...
2026-08-06T02:22:15.7089876Z Selecting previously unselected package lib32ncurses6.
2026-08-06T02:22:15.7292592Z Preparing to unpack .../32-lib32ncurses6_6.3-2ubuntu0.2_amd64.deb ...
2026-08-06T02:22:15.7302838Z Unpacking lib32ncurses6 (6.3-2ubuntu0.2) ...
2026-08-06T02:22:15.7569256Z Selecting previously unselected package lib32ncursesw6.
2026-08-06T02:22:15.7774842Z Preparing to unpack .../33-lib32ncursesw6_6.3-2ubuntu0.2_amd64.deb ...
2026-08-06T02:22:15.7785907Z Unpacking lib32ncursesw6 (6.3-2ubuntu0.2) ...
2026-08-06T02:22:15.8044857Z Selecting previously unselected package lib32ncurses-dev.
2026-08-06T02:22:15.8248672Z Preparing to unpack .../34-lib32ncurses-dev_6.3-2ubuntu0.2_amd64.deb ...
2026-08-06T02:22:15.8258569Z Unpacking lib32ncurses-dev (6.3-2ubuntu0.2) ...
2026-08-06T02:22:15.8589517Z Selecting previously unselected package lib32readline8.
2026-08-06T02:22:15.8791390Z Preparing to unpack .../35-lib32readline8_8.1.2-1_amd64.deb ...
2026-08-06T02:22:15.8802112Z Unpacking lib32readline8 (8.1.2-1) ...
2026-08-06T02:22:15.9052247Z Selecting previously unselected package lib32readline-dev.
2026-08-06T02:22:15.9250412Z Preparing to unpack .../36-lib32readline-dev_8.1.2-1_amd64.deb ...
2026-08-06T02:22:15.9259876Z Unpacking lib32readline-dev (8.1.2-1) ...
2026-08-06T02:22:15.9504233Z Selecting previously unselected package lib32z1-dev.
2026-08-06T02:22:15.9704014Z Preparing to unpack .../37-lib32z1-dev_1%3a1.2.11.dfsg-2ubuntu9.2_amd64.deb ...
2026-08-06T02:22:15.9714398Z Unpacking lib32z1-dev (1:1.2.11.dfsg-2ubuntu9.2) ...
2026-08-06T02:22:15.9947687Z Selecting previously unselected package libasound2-dev:amd64.
2026-08-06T02:22:16.0146531Z Preparing to unpack .../38-libasound2-dev_1.2.6.1-1ubuntu1.2_amd64.deb ...
2026-08-06T02:22:16.0180749Z Unpacking libasound2-dev:amd64 (1.2.6.1-1ubuntu1.2) ...
2026-08-06T02:22:16.0641955Z Selecting previously unselected package libasyncns0:amd64.
2026-08-06T02:22:16.0859368Z Preparing to unpack .../39-libasyncns0_0.8-6build2_amd64.deb ...
2026-08-06T02:22:16.0874916Z Unpacking libasyncns0:amd64 (0.8-6build2) ...
2026-08-06T02:22:16.1103489Z Selecting previously unselected package libxcb-shape0:amd64.
2026-08-06T02:22:16.1342637Z Preparing to unpack .../40-libxcb-shape0_1.14-3ubuntu3_amd64.deb ...
2026-08-06T02:22:16.1352951Z Unpacking libxcb-shape0:amd64 (1.14-3ubuntu3) ...
2026-08-06T02:22:16.1581705Z Selecting previously unselected package libxv1:amd64.
2026-08-06T02:22:16.1776775Z Preparing to unpack .../41-libxv1_2%3a1.0.11-1build2_amd64.deb ...
2026-08-06T02:22:16.1787002Z Unpacking libxv1:amd64 (2:1.0.11-1build2) ...
2026-08-06T02:22:16.2009251Z Selecting previously unselected package libxxf86dga1:amd64.
2026-08-06T02:22:16.2207165Z Preparing to unpack .../42-libxxf86dga1_2%3a1.1.5-0ubuntu3_amd64.deb ...
2026-08-06T02:22:16.2218992Z Unpacking libxxf86dga1:amd64 (2:1.1.5-0ubuntu3) ...
2026-08-06T02:22:16.2454591Z Selecting previously unselected package x11-utils.
2026-08-06T02:22:16.2652502Z Preparing to unpack .../43-x11-utils_7.7+5build2_amd64.deb ...
2026-08-06T02:22:16.2662707Z Unpacking x11-utils (7.7+5build2) ...
2026-08-06T02:22:16.3383054Z Selecting previously unselected package libatk-wrapper-java.
2026-08-06T02:22:16.3585960Z Preparing to unpack .../44-libatk-wrapper-java_0.38.0-5build1_all.deb ...
2026-08-06T02:22:16.3596017Z Unpacking libatk-wrapper-java (0.38.0-5build1) ...
2026-08-06T02:22:16.3901110Z Selecting previously unselected package libatk-wrapper-java-jni:amd64.
2026-08-06T02:22:16.4104614Z Preparing to unpack .../45-libatk-wrapper-java-jni_0.38.0-5build1_amd64.deb ...
2026-08-06T02:22:16.4115656Z Unpacking libatk-wrapper-java-jni:amd64 (0.38.0-5build1) ...
2026-08-06T02:22:16.4357676Z Selecting previously unselected package libcaca0:amd64.
2026-08-06T02:22:16.4560307Z Preparing to unpack .../46-libcaca0_0.99.beta19-2.2ubuntu4.2_amd64.deb ...
2026-08-06T02:22:16.4570764Z Unpacking libcaca0:amd64 (0.99.beta19-2.2ubuntu4.2) ...
2026-08-06T02:22:16.4832953Z Selecting previously unselected package libslang2-dev:amd64.
2026-08-06T02:22:16.5030164Z Preparing to unpack .../47-libslang2-dev_2.3.2-5build4_amd64.deb ...
2026-08-06T02:22:16.5039696Z Unpacking libslang2-dev:amd64 (2.3.2-5build4) ...
2026-08-06T02:22:16.5363368Z Selecting previously unselected package libcaca-dev.
2026-08-06T02:22:16.5562414Z Preparing to unpack .../48-libcaca-dev_0.99.beta19-2.2ubuntu4.2_amd64.deb ...
2026-08-06T02:22:16.5572869Z Unpacking libcaca-dev (0.99.beta19-2.2ubuntu4.2) ...
2026-08-06T02:22:16.6976306Z Selecting previously unselected package libflac8:amd64.
2026-08-06T02:22:16.7181791Z Preparing to unpack .../49-libflac8_1.3.3-2ubuntu0.2_amd64.deb ...
2026-08-06T02:22:16.7191691Z Unpacking libflac8:amd64 (1.3.3-2ubuntu0.2) ...
2026-08-06T02:22:16.7426771Z Selecting previously unselected package libglx-dev:amd64.
2026-08-06T02:22:16.7634765Z Preparing to unpack .../50-libglx-dev_1.4.0-1_amd64.deb ...
2026-08-06T02:22:16.7643617Z Unpacking libglx-dev:amd64 (1.4.0-1) ...
2026-08-06T02:22:16.8033946Z Selecting previously unselected package libgl-dev:amd64.
2026-08-06T02:22:16.8260943Z Preparing to unpack .../51-libgl-dev_1.4.0-1_amd64.deb ...
2026-08-06T02:22:16.8272039Z Unpacking libgl-dev:amd64 (1.4.0-1) ...
2026-08-06T02:22:16.8588177Z Selecting previously unselected package libopengl0:amd64.
2026-08-06T02:22:16.8814060Z Preparing to unpack .../52-libopengl0_1.4.0-1_amd64.deb ...
2026-08-06T02:22:16.8825520Z Unpacking libopengl0:amd64 (1.4.0-1) ...
2026-08-06T02:22:16.9098087Z Selecting previously unselected package libglu1-mesa:amd64.
2026-08-06T02:22:16.9329930Z Preparing to unpack .../53-libglu1-mesa_9.0.2-1_amd64.deb ...
2026-08-06T02:22:16.9341441Z Unpacking libglu1-mesa:amd64 (9.0.2-1) ...
2026-08-06T02:22:16.9601444Z Selecting previously unselected package libglu1-mesa-dev:amd64.
2026-08-06T02:22:16.9799772Z Preparing to unpack .../54-libglu1-mesa-dev_9.0.2-1_amd64.deb ...
2026-08-06T02:22:16.9810083Z Unpacking libglu1-mesa-dev:amd64 (9.0.2-1) ...
2026-08-06T02:22:17.0079380Z Selecting previously unselected package libncurses5-dev:amd64.
2026-08-06T02:22:17.0276728Z Preparing to unpack .../55-libncurses5-dev_6.3-2ubuntu0.2_amd64.deb ...
2026-08-06T02:22:17.0286935Z Unpacking libncurses5-dev:amd64 (6.3-2ubuntu0.2) ...
2026-08-06T02:22:17.0509918Z Selecting previously unselected package libopus0:amd64.
2026-08-06T02:22:17.0709114Z Preparing to unpack .../56-libopus0_1.3.1-0.1build2_amd64.deb ...
2026-08-06T02:22:17.0720052Z Unpacking libopus0:amd64 (1.3.1-0.1build2) ...
2026-08-06T02:22:17.0976349Z Selecting previously unselected package libvorbisenc2:amd64.
2026-08-06T02:22:17.1178028Z Preparing to unpack .../57-libvorbisenc2_1.3.7-1build2_amd64.deb ...
2026-08-06T02:22:17.1188782Z Unpacking libvorbisenc2:amd64 (1.3.7-1build2) ...
2026-08-06T02:22:17.1472224Z Selecting previously unselected package libsndfile1:amd64.
2026-08-06T02:22:17.1669639Z Preparing to unpack .../58-libsndfile1_1.0.31-2ubuntu0.2_amd64.deb ...
2026-08-06T02:22:17.1679835Z Unpacking libsndfile1:amd64 (1.0.31-2ubuntu0.2) ...
2026-08-06T02:22:17.1957618Z Selecting previously unselected package libpulse0:amd64.
2026-08-06T02:22:17.2163094Z Preparing to unpack .../59-libpulse0_1%3a15.99.1+dfsg1-1ubuntu2.2_amd64.deb ...
2026-08-06T02:22:17.2348360Z Unpacking libpulse0:amd64 (1:15.99.1+dfsg1-1ubuntu2.2) ...
2026-08-06T02:22:17.2638336Z Selecting previously unselected package libpulse-mainloop-glib0:amd64.
2026-08-06T02:22:17.2840752Z Preparing to unpack .../60-libpulse-mainloop-glib0_1%3a15.99.1+dfsg1-1ubuntu2.2_amd64.deb ...
2026-08-06T02:22:17.2851083Z Unpacking libpulse-mainloop-glib0:amd64 (1:15.99.1+dfsg1-1ubuntu2.2) ...
2026-08-06T02:22:17.3081097Z Selecting previously unselected package libpulse-dev:amd64.
2026-08-06T02:22:17.3283152Z Preparing to unpack .../61-libpulse-dev_1%3a15.99.1+dfsg1-1ubuntu2.2_amd64.deb ...
2026-08-06T02:22:17.3294383Z Unpacking libpulse-dev:amd64 (1:15.99.1+dfsg1-1ubuntu2.2) ...
2026-08-06T02:22:17.3853821Z Selecting previously unselected package libsdl1.2debian:amd64.
2026-08-06T02:22:17.4052929Z Preparing to unpack .../62-libsdl1.2debian_1.2.15+dfsg2-6_amd64.deb ...
2026-08-06T02:22:17.4068243Z Unpacking libsdl1.2debian:amd64 (1.2.15+dfsg2-6) ...
2026-08-06T02:22:17.4415072Z Selecting previously unselected package libsdl1.2-dev.
2026-08-06T02:22:17.4614024Z Preparing to unpack .../63-libsdl1.2-dev_1.2.15+dfsg2-6_amd64.deb ...
2026-08-06T02:22:17.4624269Z Unpacking libsdl1.2-dev (1.2.15+dfsg2-6) ...
2026-08-06T02:22:17.5804173Z Selecting previously unselected package libxml2-utils.
2026-08-06T02:22:17.6009415Z Preparing to unpack .../64-libxml2-utils_2.9.13+dfsg-1ubuntu0.12_amd64.deb ...
2026-08-06T02:22:17.6019361Z Unpacking libxml2-utils (2.9.13+dfsg-1ubuntu0.12) ...
2026-08-06T02:22:17.6263736Z Selecting previously unselected package lzop.
2026-08-06T02:22:17.6462595Z Preparing to unpack .../65-lzop_1.04-2build2_amd64.deb ...
2026-08-06T02:22:17.6472735Z Unpacking lzop (1.04-2build2) ...
2026-08-06T02:22:17.6733090Z Selecting previously unselected package openjdk-17-jre:amd64.
2026-08-06T02:22:17.6934120Z Preparing to unpack .../66-openjdk-17-jre_17.0.19+10-1~22.04.2_amd64.deb ...
2026-08-06T02:22:17.6943699Z Unpacking openjdk-17-jre:amd64 (17.0.19+10-1~22.04.2) ...
2026-08-06T02:22:17.7570653Z Selecting previously unselected package openjdk-17-jdk-headless:amd64.
2026-08-06T02:22:17.7771987Z Preparing to unpack .../67-openjdk-17-jdk-headless_17.0.19+10-1~22.04.2_amd64.deb ...
2026-08-06T02:22:17.7807944Z Unpacking openjdk-17-jdk-headless:amd64 (17.0.19+10-1~22.04.2) ...
2026-08-06T02:22:18.0566387Z Selecting previously unselected package openjdk-17-jdk:amd64.
2026-08-06T02:22:18.0771604Z Preparing to unpack .../68-openjdk-17-jdk_17.0.19+10-1~22.04.2_amd64.deb ...
2026-08-06T02:22:18.0782735Z Unpacking openjdk-17-jdk:amd64 (17.0.19+10-1~22.04.2) ...
2026-08-06T02:22:18.1115982Z Selecting previously unselected package pngcrush.
2026-08-06T02:22:18.1320144Z Preparing to unpack .../69-pngcrush_1.8.13-0.1_amd64.deb ...
2026-08-06T02:22:18.1332327Z Unpacking pngcrush (1.8.13-0.1) ...
2026-08-06T02:22:18.1604717Z Selecting previously unselected package python3-kerberos.
2026-08-06T02:22:18.1814043Z Preparing to unpack .../70-python3-kerberos_1.1.14-3.1build5_amd64.deb ...
2026-08-06T02:22:18.1823763Z Unpacking python3-kerberos (1.1.14-3.1build5) ...
2026-08-06T02:22:18.2082194Z Selecting previously unselected package repo.
2026-08-06T02:22:18.2286573Z Preparing to unpack .../71-repo_2.17.3-3_all.deb ...
2026-08-06T02:22:18.2296731Z Unpacking repo (2.17.3-3) ...
2026-08-06T02:22:18.2671029Z Selecting previously unselected package xsltproc.
2026-08-06T02:22:18.2873863Z Preparing to unpack .../72-xsltproc_1.1.34-4ubuntu0.22.04.5_amd64.deb ...
2026-08-06T02:22:18.2885287Z Unpacking xsltproc (1.1.34-4ubuntu0.22.04.5) ...
2026-08-06T02:22:18.3114138Z Selecting previously unselected package liblz4-tool.
2026-08-06T02:22:18.3316688Z Preparing to unpack .../73-liblz4-tool_1.9.3-2build2_all.deb ...
2026-08-06T02:22:18.3326755Z Unpacking liblz4-tool (1.9.3-2build2) ...
2026-08-06T02:22:18.3542852Z Selecting previously unselected package schedtool.
2026-08-06T02:22:18.3751796Z Preparing to unpack .../74-schedtool_1.3.0-4_amd64.deb ...
2026-08-06T02:22:18.3762144Z Unpacking schedtool (1.3.0-4) ...
2026-08-06T02:22:18.4372451Z Setting up libcaca0:amd64 (0.99.beta19-2.2ubuntu4.2) ...
2026-08-06T02:22:18.4425354Z Setting up pngcrush (1.8.13-0.1) ...
2026-08-06T02:22:18.4450906Z Setting up xsltproc (1.1.34-4ubuntu0.22.04.5) ...
2026-08-06T02:22:18.4482755Z Setting up libxcb-shape0:amd64 (1.14-3ubuntu3) ...
2026-08-06T02:22:18.4510334Z Setting up libxxf86dga1:amd64 (2:1.1.5-0ubuntu3) ...
2026-08-06T02:22:18.4541258Z Setting up python3-kerberos (1.1.14-3.1build5) ...
2026-08-06T02:22:18.4569717Z Setting up gperf (3.1-1build1) ...
2026-08-06T02:22:18.4598408Z Setting up libopengl0:amd64 (1.4.0-1) ...
2026-08-06T02:22:18.4629301Z Setting up libflac8:amd64 (1.3.3-2ubuntu0.2) ...
2026-08-06T02:22:18.4655114Z Setting up libc6-x32 (2.35-0ubuntu3.14) ...
2026-08-06T02:22:18.4690555Z Setting up libopus0:amd64 (1.3.1-0.1build2) ...
2026-08-06T02:22:18.4714691Z Setting up libxv1:amd64 (2:1.0.11-1build2) ...
2026-08-06T02:22:18.4741491Z Setting up libssl-dev:amd64 (3.0.2-0ubuntu1.26) ...
2026-08-06T02:22:18.4765124Z Setting up libpcsclite1:amd64 (1.9.5-3ubuntu1) ...
2026-08-06T02:22:18.4804112Z Setting up libx32gomp1 (12.3.0-1ubuntu1~22.04.3) ...
2026-08-06T02:22:18.4828909Z Setting up liblz4-tool (1.9.3-2build2) ...
2026-08-06T02:22:18.4853382Z Setting up libasyncns0:amd64 (0.8-6build2) ...
2026-08-06T02:22:18.4876143Z Setting up lzop (1.04-2build2) ...
2026-08-06T02:22:18.4899003Z Setting up libncurses5-dev:amd64 (6.3-2ubuntu0.2) ...
2026-08-06T02:22:18.4920398Z Setting up x11-utils (7.7+5build2) ...
2026-08-06T02:22:18.5027623Z Setting up libc6-i386 (2.35-0ubuntu3.14) ...
2026-08-06T02:22:18.5081011Z Setting up libglx-dev:amd64 (1.4.0-1) ...
2026-08-06T02:22:18.5107028Z Setting up libx32quadmath0 (12.3.0-1ubuntu1~22.04.3) ...
2026-08-06T02:22:18.5132346Z Setting up libglu1-mesa:amd64 (9.0.2-1) ...
2026-08-06T02:22:18.5155192Z Setting up libatk-wrapper-java (0.38.0-5build1) ...
2026-08-06T02:22:18.5195562Z Setting up ca-certificates-java (20190909ubuntu1.3) ...
2026-08-06T02:22:18.5376258Z head: cannot open '/etc/ssl/certs/java/cacerts' for reading: No such file or directory
2026-08-06T02:22:18.7636671Z Adding debian:D-TRUST_Root_Class_3_CA_2_EV_2009.pem
2026-08-06T02:22:18.7843488Z Adding debian:Microsoft_ECC_Root_Certificate_Authority_2017.pem
2026-08-06T02:22:18.7862833Z Adding debian:Buypass_Class_2_Root_CA.pem
2026-08-06T02:22:18.7927878Z Adding debian:TunTrust_Root_CA.pem
2026-08-06T02:22:18.7951361Z Adding debian:ANF_Secure_Server_Root_CA.pem
2026-08-06T02:22:18.7980515Z Adding debian:Atos_TrustedRoot_Root_CA_ECC_TLS_2021.pem
2026-08-06T02:22:18.7999976Z Adding debian:D-TRUST_EV_Root_CA_1_2020.pem
2026-08-06T02:22:18.8033452Z Adding debian:TUBITAK_Kamu_SM_SSL_Kok_Sertifikasi_-_Surum_1.pem
2026-08-06T02:22:18.8052228Z Adding debian:Amazon_Root_CA_4.pem
2026-08-06T02:22:18.8088337Z Adding debian:TWCA_Root_Certification_Authority.pem
2026-08-06T02:22:18.8128530Z Adding debian:SSL.com_EV_Root_Certification_Authority_RSA_R2.pem
2026-08-06T02:22:18.8179540Z Adding debian:Buypass_Class_3_Root_CA.pem
2026-08-06T02:22:18.8180210Z Adding debian:GlobalSign_Root_CA_-_R3.pem
2026-08-06T02:22:18.8230001Z Adding debian:Certainly_Root_R1.pem
2026-08-06T02:22:18.8273000Z Adding debian:ePKI_Root_Certification_Authority.pem
2026-08-06T02:22:18.8331170Z Adding debian:vTrus_ECC_Root_CA.pem
2026-08-06T02:22:18.8366025Z Adding debian:Atos_TrustedRoot_Root_CA_RSA_TLS_2021.pem
2026-08-06T02:22:18.8399954Z Adding debian:Certum_EC-384_CA.pem
2026-08-06T02:22:18.8432470Z Adding debian:Starfield_Root_Certificate_Authority_-_G2.pem
2026-08-06T02:22:18.8458390Z Adding debian:SSL.com_Root_Certification_Authority_ECC.pem
2026-08-06T02:22:18.8497174Z Adding debian:AC_RAIZ_FNMT-RCM.pem
2026-08-06T02:22:18.8533154Z Adding debian:T-TeleSec_GlobalRoot_Class_2.pem
2026-08-06T02:22:18.8556809Z Adding debian:DigiCert_Global_Root_G3.pem
2026-08-06T02:22:18.8596330Z Adding debian:HARICA_TLS_RSA_Root_CA_2021.pem
2026-08-06T02:22:18.8638828Z Adding debian:DigiCert_Trusted_Root_G4.pem
2026-08-06T02:22:18.8648520Z Adding debian:COMODO_ECC_Certification_Authority.pem
2026-08-06T02:22:18.8692803Z Adding debian:Entrust_Root_Certification_Authority.pem
2026-08-06T02:22:18.8719813Z Adding debian:Telia_Root_CA_v2.pem
2026-08-06T02:22:18.8743801Z Adding debian:ISRG_Root_X1.pem
2026-08-06T02:22:18.8776859Z Adding debian:GlobalSign_Root_R46.pem
2026-08-06T02:22:18.8803607Z Adding debian:Amazon_Root_CA_1.pem
2026-08-06T02:22:18.8834459Z Adding debian:SecureSign_Root_CA14.pem
2026-08-06T02:22:18.8859013Z Adding debian:AC_RAIZ_FNMT-RCM_SERVIDORES_SEGUROS.pem
2026-08-06T02:22:18.8894064Z Adding debian:OISTE_WISeKey_Global_Root_GB_CA.pem
2026-08-06T02:22:18.8950612Z Adding debian:NetLock_Arany_=Class_Gold=_Főtanúsítvány.pem
2026-08-06T02:22:18.8980228Z Adding debian:Starfield_Services_Root_Certificate_Authority_-_G2.pem
2026-08-06T02:22:18.9019294Z Adding debian:Certum_Trusted_Network_CA_2.pem
2026-08-06T02:22:18.9059396Z Adding debian:UCA_Global_G2_Root.pem
2026-08-06T02:22:18.9079548Z Adding debian:emSign_Root_CA_-_G1.pem
2026-08-06T02:22:18.9097134Z Adding debian:TrustAsia_Global_Root_CA_G4.pem
2026-08-06T02:22:18.9129557Z Adding debian:GlobalSign_ECC_Root_CA_-_R5.pem
2026-08-06T02:22:18.9156485Z Adding debian:SSL.com_Root_Certification_Authority_RSA.pem
2026-08-06T02:22:18.9185650Z Adding debian:GlobalSign_Root_E46.pem
2026-08-06T02:22:18.9209979Z Adding debian:D-TRUST_Root_Class_3_CA_2_2009.pem
2026-08-06T02:22:18.9234950Z Adding debian:TWCA_CYBER_Root_CA.pem
2026-08-06T02:22:18.9249232Z Adding debian:ISRG_Root_X2.pem
2026-08-06T02:22:18.9294175Z Adding debian:Hongkong_Post_Root_CA_3.pem
2026-08-06T02:22:18.9318635Z Adding debian:Microsoft_RSA_Root_Certificate_Authority_2017.pem
2026-08-06T02:22:18.9348997Z Adding debian:IdenTrust_Public_Sector_Root_CA_1.pem
2026-08-06T02:22:18.9394607Z Adding debian:Telekom_Security_TLS_RSA_Root_2023.pem
2026-08-06T02:22:18.9417211Z Adding debian:Autoridad_de_Certificacion_Firmaprofesional_CIF_A62634068.pem
2026-08-06T02:22:18.9464451Z Adding debian:USERTrust_RSA_Certification_Authority.pem
2026-08-06T02:22:18.9500604Z Adding debian:vTrus_Root_CA.pem
2026-08-06T02:22:18.9515309Z Adding debian:D-TRUST_BR_Root_CA_2_2023.pem
2026-08-06T02:22:18.9543291Z Adding debian:ssl-cert-snakeoil.pem
2026-08-06T02:22:18.9568447Z Adding debian:TrustAsia_TLS_ECC_Root_CA.pem
2026-08-06T02:22:18.9598799Z Adding debian:TWCA_Global_Root_CA.pem
2026-08-06T02:22:18.9621881Z Adding debian:Atos_TrustedRoot_2011.pem
2026-08-06T02:22:18.9654367Z Adding debian:IdenTrust_Commercial_Root_CA_1.pem
2026-08-06T02:22:18.9705124Z Adding debian:Certigna_Root_CA.pem
2026-08-06T02:22:18.9737808Z Adding debian:QuoVadis_Root_CA_1_G3.pem
2026-08-06T02:22:18.9762723Z Adding debian:Sectigo_Public_Server_Authentication_Root_E46.pem
2026-08-06T02:22:18.9792132Z Adding debian:SZAFIR_ROOT_CA2.pem
2026-08-06T02:22:18.9792972Z Adding debian:HARICA_TLS_ECC_Root_CA_2021.pem
2026-08-06T02:22:18.9808921Z Adding debian:Amazon_Root_CA_3.pem
2026-08-06T02:22:18.9828666Z Adding debian:GTS_Root_R4.pem
2026-08-06T02:22:18.9843111Z Adding debian:DigiCert_Global_Root_G2.pem
2026-08-06T02:22:18.9870403Z Adding debian:SSL.com_TLS_ECC_Root_CA_2022.pem
2026-08-06T02:22:18.9893770Z Adding debian:D-TRUST_EV_Root_CA_2_2023.pem
2026-08-06T02:22:18.9923672Z Adding debian:UCA_Extended_Validation_Root.pem
2026-08-06T02:22:18.9959016Z Adding debian:Certum_Trusted_Root_CA.pem
2026-08-06T02:22:18.9986384Z Adding debian:BJCA_Global_Root_CA2.pem
2026-08-06T02:22:18.9993100Z Adding debian:Certainly_Root_E1.pem
2026-08-06T02:22:19.0049304Z Adding debian:Certum_Trusted_Network_CA.pem
2026-08-06T02:22:19.0109125Z Adding debian:SecureSign_Root_CA12.pem
2026-08-06T02:22:19.0121942Z Adding debian:DigiCert_TLS_ECC_P384_Root_G5.pem
2026-08-06T02:22:19.0123058Z Adding debian:SecureSign_Root_CA15.pem
2026-08-06T02:22:19.0148414Z Adding debian:BJCA_Global_Root_CA1.pem
2026-08-06T02:22:19.0193365Z Adding debian:OISTE_Server_Root_RSA_G1.pem
2026-08-06T02:22:19.0229512Z Adding debian:e-Szigno_Root_CA_2017.pem
2026-08-06T02:22:19.0251599Z Adding debian:Go_Daddy_Root_Certificate_Authority_-_G2.pem
2026-08-06T02:22:19.0298644Z Adding debian:Izenpe.com.pem
2026-08-06T02:22:19.0324426Z Adding debian:Hellenic_Academic_and_Research_Institutions_ECC_RootCA_2015.pem
2026-08-06T02:22:19.0345690Z Adding debian:DigiCert_TLS_RSA4096_Root_G5.pem
2026-08-06T02:22:19.0400868Z Adding debian:CFCA_EV_ROOT.pem
2026-08-06T02:22:19.0422104Z Adding debian:CA_Disig_Root_R2.pem
2026-08-06T02:22:19.0429289Z Adding debian:Security_Communication_ECC_RootCA1.pem
2026-08-06T02:22:19.0443682Z Adding debian:GlobalSign_ECC_Root_CA_-_R4.pem
2026-08-06T02:22:19.0468277Z Adding debian:e-Szigno_TLS_Root_CA_2023.pem
2026-08-06T02:22:19.0488285Z Adding debian:OISTE_WISeKey_Global_Root_GC_CA.pem
2026-08-06T02:22:19.0518139Z Adding debian:T-TeleSec_GlobalRoot_Class_3.pem
2026-08-06T02:22:19.0532485Z Adding debian:emSign_ECC_Root_CA_-_G3.pem
2026-08-06T02:22:19.0606771Z Adding debian:GDCA_TrustAUTH_R5_ROOT.pem
2026-08-06T02:22:19.0614530Z Adding debian:TrustAsia_Global_Root_CA_G3.pem
2026-08-06T02:22:19.0665231Z Adding debian:ACCVRAIZ1.pem
2026-08-06T02:22:19.0687808Z Adding debian:USERTrust_ECC_Certification_Authority.pem
2026-08-06T02:22:19.0726169Z Adding debian:SSL.com_TLS_RSA_Root_CA_2022.pem
2026-08-06T02:22:19.0739642Z Adding debian:DigiCert_Assured_ID_Root_G3.pem
2026-08-06T02:22:19.0773340Z Adding debian:QuoVadis_Root_CA_2_G3.pem
2026-08-06T02:22:19.0810325Z Adding debian:DigiCert_Assured_ID_Root_G2.pem
2026-08-06T02:22:19.0853622Z Adding debian:TrustAsia_TLS_RSA_Root_CA.pem
2026-08-06T02:22:19.0878232Z Adding debian:QuoVadis_Root_CA_3_G3.pem
2026-08-06T02:22:19.0914098Z Adding debian:Sectigo_Public_Server_Authentication_Root_R46.pem
2026-08-06T02:22:19.0934600Z Adding debian:emSign_ECC_Root_CA_-_C3.pem
2026-08-06T02:22:19.0960783Z Adding debian:NAVER_Global_Root_Certification_Authority.pem
2026-08-06T02:22:19.0996913Z Adding debian:COMODO_RSA_Certification_Authority.pem
2026-08-06T02:22:19.1037915Z Adding debian:Actalis_Authentication_Root_CA.pem
2026-08-06T02:22:19.1053570Z Adding debian:GTS_Root_R3.pem
2026-08-06T02:22:19.1086368Z Adding debian:D-TRUST_BR_Root_CA_1_2020.pem
2026-08-06T02:22:19.1123684Z Adding debian:SwissSign_RSA_TLS_Root_CA_2022_-_1.pem
2026-08-06T02:22:19.1156872Z Adding debian:HiPKI_Root_CA_-_G1.pem
2026-08-06T02:22:19.1193634Z Adding debian:Hellenic_Academic_and_Research_Institutions_RootCA_2015.pem
2026-08-06T02:22:19.1217056Z Adding debian:Security_Communication_RootCA2.pem
2026-08-06T02:22:19.1247020Z Adding debian:Amazon_Root_CA_2.pem
2026-08-06T02:22:19.1278671Z Adding debian:GTS_Root_R1.pem
2026-08-06T02:22:19.1302760Z Adding debian:Microsec_e-Szigno_Root_CA_2009.pem
2026-08-06T02:22:19.1315099Z Adding debian:SSL.com_EV_Root_Certification_Authority_ECC.pem
2026-08-06T02:22:19.1326707Z Adding debian:OISTE_Server_Root_ECC_G1.pem
2026-08-06T02:22:19.1350730Z Adding debian:GlobalSign_Root_CA_-_R6.pem
2026-08-06T02:22:19.1362593Z Adding debian:Telekom_Security_TLS_ECC_Root_2020.pem
2026-08-06T02:22:19.1377683Z Adding debian:emSign_Root_CA_-_C1.pem
2026-08-06T02:22:19.1398901Z Adding debian:certSIGN_Root_CA_G2.pem
2026-08-06T02:22:19.1696608Z done.
2026-08-06T02:22:19.1725005Z Setting up libxml2-utils (2.9.13+dfsg-1ubuntu0.12) ...
2026-08-06T02:22:19.1752453Z Setting up libasound2-dev:amd64 (1.2.6.1-1ubuntu1.2) ...
2026-08-06T02:22:19.1777263Z Setting up libc-dev-bin (2.35-0ubuntu3.14) ...
2026-08-06T02:22:19.1802070Z Setting up lib32atomic1 (12.3.0-1ubuntu1~22.04.3) ...
2026-08-06T02:22:19.1826083Z Setting up libgl-dev:amd64 (1.4.0-1) ...
2026-08-06T02:22:19.1850630Z Setting up libvorbisenc2:amd64 (1.3.7-1build2) ...
2026-08-06T02:22:19.1874978Z Setting up schedtool (1.3.0-4) ...
2026-08-06T02:22:19.1901114Z Setting up libhiredis0.14:amd64 (0.14.1-2) ...
2026-08-06T02:22:19.1924870Z Setting up libx32atomic1 (12.3.0-1ubuntu1~22.04.3) ...
2026-08-06T02:22:19.1950330Z Setting up lib32itm1 (12.3.0-1ubuntu1~22.04.3) ...
2026-08-06T02:22:19.1975035Z Setting up repo (2.17.3-3) ...
2026-08-06T02:22:19.3827242Z Setting up libx32gcc-s1 (12.3.0-1ubuntu1~22.04.3) ...
2026-08-06T02:22:19.3849457Z Setting up ccache (4.5.1-1) ...
2026-08-06T02:22:19.3875621Z Updating symlinks in /usr/lib/ccache ...
2026-08-06T02:22:19.3984056Z Setting up libx32itm1 (12.3.0-1ubuntu1~22.04.3) ...
2026-08-06T02:22:19.4007242Z Setting up lib32ubsan1 (12.3.0-1ubuntu1~22.04.3) ...
2026-08-06T02:22:19.4029687Z Setting up libatk-wrapper-java-jni:amd64 (0.38.0-5build1) ...
2026-08-06T02:22:19.4052130Z Setting up lib32gomp1 (12.3.0-1ubuntu1~22.04.3) ...
2026-08-06T02:22:19.4075291Z Setting up libx32asan6 (11.4.0-1ubuntu1~22.04.3) ...
2026-08-06T02:22:19.4110023Z Setting up libglu1-mesa-dev:amd64 (9.0.2-1) ...
2026-08-06T02:22:19.4135143Z Setting up lib32asan6 (11.4.0-1ubuntu1~22.04.3) ...
2026-08-06T02:22:19.4159575Z Setting up lib32tinfo6 (6.3-2ubuntu0.2) ...
2026-08-06T02:22:19.4184404Z Setting up lib32quadmath0 (12.3.0-1ubuntu1~22.04.3) ...
2026-08-06T02:22:19.4207855Z Setting up libc6-dev:amd64 (2.35-0ubuntu3.14) ...
2026-08-06T02:22:19.4232526Z Setting up libsndfile1:amd64 (1.0.31-2ubuntu0.2) ...
2026-08-06T02:22:19.4269641Z Setting up libx32stdc++6 (12.3.0-1ubuntu1~22.04.3) ...
2026-08-06T02:22:19.4296087Z Setting up libslang2-dev:amd64 (2.3.2-5build4) ...
2026-08-06T02:22:19.4320236Z Setting up libc6-dev-i386 (2.35-0ubuntu3.14) ...
2026-08-06T02:22:19.4345418Z Setting up libx32ubsan1 (12.3.0-1ubuntu1~22.04.3) ...
2026-08-06T02:22:19.4370195Z Setting up libpulse0:amd64 (1:15.99.1+dfsg1-1ubuntu2.2) ...
2026-08-06T02:22:19.4459782Z Setting up lib32readline8 (8.1.2-1) ...
2026-08-06T02:22:19.4485975Z Setting up lib32ncurses6 (6.3-2ubuntu0.2) ...
2026-08-06T02:22:19.4513116Z Setting up lib32ncursesw6 (6.3-2ubuntu0.2) ...
2026-08-06T02:22:19.4537707Z Setting up libc6-dev-x32 (2.35-0ubuntu3.14) ...
2026-08-06T02:22:19.4560005Z Setting up libx32gcc-11-dev (11.4.0-1ubuntu1~22.04.3) ...
2026-08-06T02:22:19.4588390Z Setting up libpulse-mainloop-glib0:amd64 (1:15.99.1+dfsg1-1ubuntu2.2) ...
2026-08-06T02:22:19.4612426Z Setting up libsdl1.2debian:amd64 (1.2.15+dfsg2-6) ...
2026-08-06T02:22:19.4638356Z Setting up libx32stdc++-11-dev (11.4.0-1ubuntu1~22.04.3) ...
2026-08-06T02:22:19.4662855Z Setting up lib32z1-dev (1:1.2.11.dfsg-2ubuntu9.2) ...
2026-08-06T02:22:19.4686882Z Setting up libpulse-dev:amd64 (1:15.99.1+dfsg1-1ubuntu2.2) ...
2026-08-06T02:22:19.4710035Z Setting up libcaca-dev (0.99.beta19-2.2ubuntu4.2) ...
2026-08-06T02:22:19.4737627Z Setting up lib32gcc-11-dev (11.4.0-1ubuntu1~22.04.3) ...
2026-08-06T02:22:19.4762100Z Setting up lib32stdc++-11-dev (11.4.0-1ubuntu1~22.04.3) ...
2026-08-06T02:22:19.4784997Z Setting up lib32ncurses-dev (6.3-2ubuntu0.2) ...
2026-08-06T02:22:19.4808560Z Setting up libsdl1.2-dev (1.2.15+dfsg2-6) ...
2026-08-06T02:22:19.4831888Z Setting up gcc-11-multilib (11.4.0-1ubuntu1~22.04.3) ...
2026-08-06T02:22:19.4855021Z Setting up gcc-multilib (4:11.2.0-1ubuntu1) ...
2026-08-06T02:22:19.4882327Z Setting up lib32readline-dev (8.1.2-1) ...
2026-08-06T02:22:19.4937727Z Setting up g++-11-multilib (11.4.0-1ubuntu1~22.04.3) ...
2026-08-06T02:22:19.4969638Z Setting up g++-multilib (4:11.2.0-1ubuntu1) ...
2026-08-06T02:22:19.5040516Z Setting up openjdk-17-jre-headless:amd64 (17.0.19+10-1~22.04.2) ...
2026-08-06T02:22:19.6078067Z Setting up openjdk-17-jre:amd64 (17.0.19+10-1~22.04.2) ...
2026-08-06T02:22:19.6171948Z Setting up openjdk-17-jdk-headless:amd64 (17.0.19+10-1~22.04.2) ...
2026-08-06T02:22:19.7730032Z Setting up openjdk-17-jdk:amd64 (17.0.19+10-1~22.04.2) ...
2026-08-06T02:22:19.7870525Z Processing triggers for ca-certificates (20260601~22.04.1) ...
2026-08-06T02:22:19.7990293Z Updating certificates in /etc/ssl/certs...
2026-08-06T02:22:20.3370636Z 0 added, 0 removed; done.
2026-08-06T02:22:20.3371239Z Running hooks in /etc/ca-certificates/update.d...
2026-08-06T02:22:20.4218391Z /etc/ssl/certs/adoptium/cacerts successfully populated.
2026-08-06T02:22:20.4244043Z 
2026-08-06T02:22:20.6333739Z done.
2026-08-06T02:22:20.6346451Z Updating Mono key store
2026-08-06T02:22:20.6662229Z Mono Certificate Store Sync - version 6.12.0.200
2026-08-06T02:22:20.6662758Z Populate Mono certificate store from a concatenated list of certificates.
2026-08-06T02:22:20.6663296Z Copyright 2002, 2003 Motus Technologies. Copyright 2004-2008 Novell. BSD licensed.
2026-08-06T02:22:20.6664048Z 
2026-08-06T02:22:20.7111568Z Importing into legacy system store:
2026-08-06T02:22:20.9235860Z I already trust 121, your new list has 121
2026-08-06T02:22:20.9298236Z Import process completed.
2026-08-06T02:22:20.9317494Z 
2026-08-06T02:22:20.9318063Z Importing into BTLS system store:
2026-08-06T02:22:21.1477162Z I already trust 121, your new list has 121
2026-08-06T02:22:21.1504390Z Import process completed.
2026-08-06T02:22:21.1669734Z Done
2026-08-06T02:22:21.1672118Z done.
2026-08-06T02:22:21.1725847Z Processing triggers for install-info (6.8-4build1) ...
2026-08-06T02:22:21.4450158Z Processing triggers for mailcap (3.70+nmu1ubuntu1.22.04.1) ...
2026-08-06T02:22:21.5468708Z Processing triggers for hicolor-icon-theme (0.17-2) ...
2026-08-06T02:22:22.0142490Z Processing triggers for libc-bin (2.35-0ubuntu3.13) ...
2026-08-06T02:22:22.1314359Z Processing triggers for man-db (2.10.2-1) ...
2026-08-06T02:22:22.1392579Z Not building database; man-db/auto-update is not 'true'.
2026-08-06T02:22:22.8359030Z 
2026-08-06T02:22:22.8359631Z Running kernel seems to be up-to-date.
2026-08-06T02:22:22.8360049Z 
2026-08-06T02:22:22.8360224Z Services to be restarted:
2026-08-06T02:22:22.8412035Z  systemctl restart chrony.service
2026-08-06T02:22:22.8456998Z  systemctl restart containerd.service
2026-08-06T02:22:22.8502490Z  systemctl restart cron.service
2026-08-06T02:22:22.8686448Z  systemctl restart haveged.service
2026-08-06T02:22:22.8784329Z  systemctl restart hv-kvp-daemon.service
2026-08-06T02:22:22.8833708Z  systemctl restart irqbalance.service
2026-08-06T02:22:22.8885894Z  systemctl restart mono-xsp4.service
2026-08-06T02:22:22.8934899Z  systemctl restart multipathd.service
2026-08-06T02:22:22.9025590Z  systemctl restart packagekit.service
2026-08-06T02:22:22.9071847Z  systemctl restart php8.1-fpm.service
2026-08-06T02:22:22.9116855Z  systemctl restart polkit.service
2026-08-06T02:22:22.9161589Z  systemctl restart rsyslog.service
2026-08-06T02:22:22.9206608Z  systemctl restart serial-getty@ttyS0.service
2026-08-06T02:22:22.9251405Z  systemctl restart ssh.service
2026-08-06T02:22:22.9298925Z  systemctl restart systemd-journald.service
2026-08-06T02:22:22.9396982Z  /etc/needrestart/restart.d/systemd-manager
2026-08-06T02:22:22.9445215Z  systemctl restart systemd-networkd.service
2026-08-06T02:22:22.9493041Z  systemctl restart systemd-resolved.service
2026-08-06T02:22:22.9544398Z  systemctl restart systemd-udevd.service
2026-08-06T02:22:22.9639507Z 
2026-08-06T02:22:22.9641132Z Service restarts being deferred:
2026-08-06T02:22:22.9641843Z  /etc/needrestart/restart.d/dbus.service
2026-08-06T02:22:22.9642375Z  systemctl restart docker.service
2026-08-06T02:22:22.9642846Z  systemctl restart getty@tty1.service
2026-08-06T02:22:22.9643404Z  systemctl restart hosted-compute-agent.service
2026-08-06T02:22:22.9644109Z  systemctl restart networkd-dispatcher.service
2026-08-06T02:22:22.9644764Z  systemctl restart systemd-logind.service
2026-08-06T02:22:22.9645294Z  systemctl restart user@1001.service
2026-08-06T02:22:22.9645840Z  systemctl restart walinuxagent.service
2026-08-06T02:22:22.9646174Z 
2026-08-06T02:22:22.9646338Z No containers need to be restarted.
2026-08-06T02:22:22.9646655Z 
2026-08-06T02:22:22.9646870Z No user sessions are running outdated binaries.
2026-08-06T02:22:22.9647683Z 
2026-08-06T02:22:22.9648076Z No VM guests are running outdated hypervisor (qemu) binaries on this host.
2026-08-06T02:22:24.6151754Z ##[group]Run mkdir -p "$HOME/fox16"
2026-08-06T02:22:24.6152109Z [36;1mmkdir -p "$HOME/fox16"[0m
2026-08-06T02:22:24.6152356Z [36;1mcd "$HOME"[0m
2026-08-06T02:22:24.6152676Z [36;1mgit clone https://github.com/OrangeFox16/sync.git fox16_sync[0m
2026-08-06T02:22:24.6153057Z [36;1mcd fox16_sync[0m
2026-08-06T02:22:24.6153364Z [36;1m./orangefox_sync.sh --branch 16.0 --path "$HOME/fox16" || \[0m
2026-08-06T02:22:24.6153780Z [36;1m  ./orangefox_sync.sh --branch 16.0 --path "$HOME/fox16"[0m
2026-08-06T02:22:24.6213915Z shell: /usr/bin/bash -e {0}
2026-08-06T02:22:24.6214179Z env:
2026-08-06T02:22:24.6214370Z   DEVICE_16: zeekr
2026-08-06T02:22:24.6214574Z   DEVICE_14: zeekr14
2026-08-06T02:22:24.6214928Z   KERNEL_REPO: https://github.com/LineageOS/android_kernel_motorola_sm8475.git
2026-08-06T02:22:24.6215341Z   CCACHE_DIR: /root/.ccache
2026-08-06T02:22:24.6215580Z ##[endgroup]
2026-08-06T02:22:24.6328299Z Cloning into 'fox16_sync'...
2026-08-06T02:22:24.9404569Z ./orangefox_sync.sh, v20260410
2026-08-06T02:22:24.9419903Z **************
2026-08-06T02:22:24.9420719Z *** WARNING***: the fox_16.0 branch is *SUPER EXPERIMENTAL*! Also, syncing will take a *VERY* long time
2026-08-06T02:22:24.9421559Z **************
2026-08-06T02:22:24.9421901Z -- Starting the script ...
2026-08-06T02:22:24.9422444Z -- The new build system will be located in "/home/runner/fox16"
2026-08-06T02:22:24.9438807Z -- Initialising the twrp-16 minimal manifest repo ...
2026-08-06T02:22:26.9653089Z 
2026-08-06T02:22:26.9653839Z ... A new version of repo (2.65) is available.
2026-08-06T02:22:26.9654602Z ... New version is available at: /home/runner/fox16/.repo/repo/repo
2026-08-06T02:22:26.9655271Z ... The launcher is run from: /usr/bin/repo
2026-08-06T02:22:26.9655927Z !!! The launcher is not writable.  Please talk to your sysadmin or distro
2026-08-06T02:22:26.9656953Z !!! to get an update installed.
2026-08-06T02:22:26.9657230Z 
2026-08-06T02:22:27.5391162Z 
2026-08-06T02:22:27.5391737Z repo has been initialized in /home/runner/fox16
2026-08-06T02:22:27.5641546Z -- Done.
2026-08-06T02:22:27.5642049Z -- Syncing the twrp-16 minimal manifest repo ...
2026-08-06T02:22:27.7162607Z 
2026-08-06T02:22:27.7163377Z ... A new version of repo (2.65) is available.
2026-08-06T02:22:27.7164136Z ... New version is available at: /home/runner/fox16/.repo/repo/repo
2026-08-06T02:22:27.7164793Z ... The launcher is run from: /usr/bin/repo
2026-08-06T02:22:27.7165449Z !!! The launcher is not writable.  Please talk to your sysadmin or distro
2026-08-06T02:22:27.7166108Z !!! to get an update installed.
2026-08-06T02:22:27.7166395Z 
2026-08-06T02:42:18.7216661Z Finalizing sync state...
2026-08-06T02:42:18.7217010Z repo sync has finished successfully.
2026-08-06T02:42:18.7774555Z -- Done.
2026-08-06T02:42:18.7775343Z -- Patching the twrp-16 minimal manifest for building OrangeFox for native android-14.1 devices ...
2026-08-06T02:42:18.8007213Z patching file core/Makefile
2026-08-06T02:42:18.8018134Z patching file core/config.mk
2026-08-06T02:42:18.8024165Z patching file make/envsetup.sh
2026-08-06T02:42:18.8042295Z -- The twrp-16 minimal manifest has been patched successfully
2026-08-06T02:42:18.8044575Z -- Cloning qcom common ...
2026-08-06T02:42:18.8061916Z Cloning into 'device/qcom/common'...
2026-08-06T02:42:19.2091092Z -- Qcom common has been cloned successfully
2026-08-06T02:42:19.2092580Z -- Cloning twrp-common ...
2026-08-06T02:42:19.2112935Z Cloning into 'device/qcom/twrp-common'...
2026-08-06T02:42:19.5346277Z -- twrp-common has been cloned successfully
2026-08-06T02:42:19.5364052Z -- Moving the TWRP recovery sources to /tmp
2026-08-06T02:42:19.5416555Z -- Pulling the OrangeFox recovery sources ...
2026-08-06T02:42:19.5431106Z Cloning into 'recovery'...
2026-08-06T02:42:23.4825373Z -- The OrangeFox sources have been cloned successfully
2026-08-06T02:42:23.4826058Z -- Cleaning up the TWRP recovery sources from /tmp
2026-08-06T02:42:23.5980146Z -- Preparing for cloning the OrangeFox vendor tree ...
2026-08-06T02:42:23.6008496Z -- Pulling the OrangeFox vendor tree ...
2026-08-06T02:42:23.6022850Z Cloning into 'recovery'...
2026-08-06T02:42:28.7524003Z -- The OrangeFox vendor tree has been cloned successfully
2026-08-06T02:42:28.7552124Z -- Stop time =Thu Aug  6 02:42:28 UTC 2026
2026-08-06T02:42:28.7552753Z -- Start time=Thu Aug  6 02:22:24 UTC 2026
2026-08-06T02:42:28.7553452Z -- Now, clone your device trees to the correct locations!
2026-08-06T02:42:28.7709763Z ##[group]Run cd "$HOME/fox16"
2026-08-06T02:42:28.7710114Z [36;1mcd "$HOME/fox16"[0m
2026-08-06T02:42:28.7710361Z [36;1mmkdir -p kernel/motorola[0m
2026-08-06T02:42:28.7710765Z [36;1mgit clone --depth=1 --branch lineage-23.2 "$KERNEL_REPO" kernel/motorola/sm8475[0m
2026-08-06T02:42:28.8573792Z shell: /usr/bin/bash -e {0}
2026-08-06T02:42:28.8574121Z env:
2026-08-06T02:42:28.8574361Z   DEVICE_16: zeekr
2026-08-06T02:42:28.8574615Z   DEVICE_14: zeekr14
2026-08-06T02:42:28.8575077Z   KERNEL_REPO: https://github.com/LineageOS/android_kernel_motorola_sm8475.git
2026-08-06T02:42:28.8575608Z   CCACHE_DIR: /root/.ccache
2026-08-06T02:42:28.8575899Z ##[endgroup]
2026-08-06T02:42:28.8692984Z Cloning into 'kernel/motorola/sm8475'...
2026-08-06T02:43:13.5953745Z Updating files:  22% (15089/68494)
2026-08-06T02:43:13.6384667Z Updating files:  23% (15754/68494)
2026-08-06T02:43:13.6748398Z Updating files:  24% (16439/68494)
2026-08-06T02:43:13.7173595Z Updating files:  25% (17124/68494)
2026-08-06T02:43:13.7625342Z Updating files:  26% (17809/68494)
2026-08-06T02:43:13.8183468Z Updating files:  27% (18494/68494)
2026-08-06T02:43:13.8639204Z Updating files:  28% (19179/68494)
2026-08-06T02:43:13.9368851Z Updating files:  29% (19864/68494)
2026-08-06T02:43:13.9995367Z Updating files:  30% (20549/68494)
2026-08-06T02:43:14.0618762Z Updating files:  31% (21234/68494)
2026-08-06T02:43:14.1147096Z Updating files:  32% (21919/68494)
2026-08-06T02:43:14.1796010Z Updating files:  33% (22604/68494)
2026-08-06T02:43:14.2445750Z Updating files:  34% (23288/68494)
2026-08-06T02:43:14.3105534Z Updating files:  35% (23973/68494)
2026-08-06T02:43:14.5503433Z Updating files:  36% (24658/68494)
2026-08-06T02:43:14.7420508Z Updating files:  36% (24779/68494)
2026-08-06T02:43:14.8095099Z Updating files:  37% (25343/68494)
2026-08-06T02:43:14.8661880Z Updating files:  38% (26028/68494)
2026-08-06T02:43:14.9057680Z Updating files:  39% (26713/68494)
2026-08-06T02:43:14.9622305Z Updating files:  40% (27398/68494)
2026-08-06T02:43:15.0201343Z Updating files:  41% (28083/68494)
2026-08-06T02:43:15.0920192Z Updating files:  42% (28768/68494)
2026-08-06T02:43:15.1507044Z Updating files:  43% (29453/68494)
2026-08-06T02:43:15.2277761Z Updating files:  44% (30138/68494)
2026-08-06T02:43:15.2897894Z Updating files:  45% (30823/68494)
2026-08-06T02:43:15.3552975Z Updating files:  46% (31508/68494)
2026-08-06T02:43:15.4290500Z Updating files:  47% (32193/68494)
2026-08-06T02:43:15.4878630Z Updating files:  48% (32878/68494)
2026-08-06T02:43:15.5408314Z Updating files:  49% (33563/68494)
2026-08-06T02:43:15.5496651Z Updating files:  50% (34247/68494)
2026-08-06T02:43:15.6096782Z Updating files:  50% (34344/68494)
2026-08-06T02:43:15.6721813Z Updating files:  51% (34932/68494)
2026-08-06T02:43:15.7415778Z Updating files:  52% (35617/68494)
2026-08-06T02:43:15.8324828Z Updating files:  53% (36302/68494)
2026-08-06T02:43:15.9236764Z Updating files:  54% (36987/68494)
2026-08-06T02:43:16.0059894Z Updating files:  55% (37672/68494)
2026-08-06T02:43:16.0846047Z Updating files:  56% (38357/68494)
2026-08-06T02:43:16.1727031Z Updating files:  57% (39042/68494)
2026-08-06T02:43:16.2542835Z Updating files:  58% (39727/68494)
2026-08-06T02:43:16.3245668Z Updating files:  59% (40412/68494)
2026-08-06T02:43:16.3874666Z Updating files:  60% (41097/68494)
2026-08-06T02:43:16.4633977Z Updating files:  61% (41782/68494)
2026-08-06T02:43:16.5294025Z Updating files:  62% (42467/68494)
2026-08-06T02:43:16.5494547Z Updating files:  63% (43152/68494)
2026-08-06T02:43:16.6000445Z Updating files:  63% (43394/68494)
2026-08-06T02:43:16.7164200Z Updating files:  64% (43837/68494)
2026-08-06T02:43:16.7778688Z Updating files:  65% (44522/68494)
2026-08-06T02:43:16.8350932Z Updating files:  66% (45207/68494)
2026-08-06T02:43:16.8840236Z Updating files:  67% (45891/68494)
2026-08-06T02:43:16.9439090Z Updating files:  68% (46576/68494)
2026-08-06T02:43:17.0133369Z Updating files:  69% (47261/68494)
2026-08-06T02:43:17.0931060Z Updating files:  70% (47946/68494)
2026-08-06T02:43:17.1611160Z Updating files:  71% (48631/68494)
2026-08-06T02:43:17.2280994Z Updating files:  72% (49316/68494)
2026-08-06T02:43:17.3043957Z Updating files:  73% (50001/68494)
2026-08-06T02:43:17.3824409Z Updating files:  74% (50686/68494)
2026-08-06T02:43:17.4411669Z Updating files:  75% (51371/68494)
2026-08-06T02:43:17.4835478Z Updating files:  76% (52056/68494)
2026-08-06T02:43:17.5300544Z Updating files:  77% (52741/68494)
2026-08-06T02:43:17.5494378Z Updating files:  78% (53426/68494)
2026-08-06T02:43:17.5831304Z Updating files:  78% (53710/68494)
2026-08-06T02:43:17.6286569Z Updating files:  79% (54111/68494)
2026-08-06T02:43:17.6735731Z Updating files:  80% (54796/68494)
2026-08-06T02:43:17.7206063Z Updating files:  81% (55481/68494)
2026-08-06T02:43:17.7644417Z Updating files:  82% (56166/68494)
2026-08-06T02:43:17.8090634Z Updating files:  83% (56851/68494)
2026-08-06T02:43:17.8877083Z Updating files:  84% (57535/68494)
2026-08-06T02:43:17.9522218Z Updating files:  85% (58220/68494)
2026-08-06T02:43:18.0263652Z Updating files:  86% (58905/68494)
2026-08-06T02:43:18.0898776Z Updating files:  87% (59590/68494)
2026-08-06T02:43:18.1495945Z Updating files:  88% (60275/68494)
2026-08-06T02:43:18.2003667Z Updating files:  89% (60960/68494)
2026-08-06T02:43:18.2642813Z Updating files:  90% (61645/68494)
2026-08-06T02:43:18.3473630Z Updating files:  91% (62330/68494)
2026-08-06T02:43:18.4009884Z Updating files:  92% (63015/68494)
2026-08-06T02:43:18.4472655Z Updating files:  93% (63700/68494)
2026-08-06T02:43:18.4951595Z Updating files:  94% (64385/68494)
2026-08-06T02:43:18.5431207Z Updating files:  95% (65070/68494)
2026-08-06T02:43:18.5494304Z Updating files:  96% (65755/68494)
2026-08-06T02:43:18.5901911Z Updating files:  96% (65836/68494)
2026-08-06T02:43:18.6264424Z Updating files:  97% (66440/68494)
2026-08-06T02:43:18.6651346Z Updating files:  98% (67125/68494)
2026-08-06T02:43:18.7033720Z Updating files:  99% (67810/68494)
2026-08-06T02:43:18.7034246Z Updating files: 100% (68494/68494)
2026-08-06T02:43:18.7034675Z Updating files: 100% (68494/68494), done.
2026-08-06T02:43:18.7904092Z ##[group]Run cd "$HOME/fox16"
2026-08-06T02:43:18.7904398Z [36;1mcd "$HOME/fox16"[0m
2026-08-06T02:43:18.7904641Z [36;1mmkdir -p device/motorola[0m
2026-08-06T02:43:18.7905039Z [36;1mcp -r "$GITHUB_WORKSPACE/device_tree/device/motorola/zeekr" device/motorola/[0m
2026-08-06T02:43:18.7905458Z [36;1mls -la device/motorola/[0m
2026-08-06T02:43:18.7967528Z shell: /usr/bin/bash -e {0}
2026-08-06T02:43:18.7967803Z env:
2026-08-06T02:43:18.7967994Z   DEVICE_16: zeekr
2026-08-06T02:43:18.7968191Z   DEVICE_14: zeekr14
2026-08-06T02:43:18.7968530Z   KERNEL_REPO: https://github.com/LineageOS/android_kernel_motorola_sm8475.git
2026-08-06T02:43:18.7968921Z   CCACHE_DIR: /root/.ccache
2026-08-06T02:43:18.7969135Z ##[endgroup]
2026-08-06T02:43:18.8125989Z total 12
2026-08-06T02:43:18.8126487Z drwxr-xr-x 3 runner runner 4096 Aug  6 02:43 .
2026-08-06T02:43:18.8127157Z drwxr-xr-x 5 runner runner 4096 Aug  6 02:43 ..
2026-08-06T02:43:18.8128219Z drwxr-xr-x 2 runner runner 4096 Aug  6 02:43 zeekr
2026-08-06T02:43:18.8164183Z ##[group]Run cd "$HOME/fox16"
2026-08-06T02:43:18.8164485Z [36;1mcd "$HOME/fox16"[0m
2026-08-06T02:43:18.8164980Z [36;1mtest -f build/envsetup.sh || { echo "❌ build/envsetup.sh 不存在，源码同步失败"; ls -la "$HOME/fox16" | head -30; exit 1; }[0m
2026-08-06T02:43:18.8165491Z [36;1msource build/envsetup.sh[0m
2026-08-06T02:43:18.8165805Z [36;1mlunch twrp_zeekr-eng || lunch twrp_zeekr-bp2a-eng[0m
2026-08-06T02:43:18.8166177Z [36;1mmka recoveryimage 2>&1 | tee /tmp/build16.log[0m
2026-08-06T02:43:18.8222818Z shell: /usr/bin/bash -e {0}
2026-08-06T02:43:18.8223068Z env:
2026-08-06T02:43:18.8223248Z   DEVICE_16: zeekr
2026-08-06T02:43:18.8223444Z   DEVICE_14: zeekr14
2026-08-06T02:43:18.8223796Z   KERNEL_REPO: https://github.com/LineageOS/android_kernel_motorola_sm8475.git
2026-08-06T02:43:18.8224205Z   CCACHE_DIR: /root/.ccache
2026-08-06T02:43:18.8224423Z ##[endgroup]
2026-08-06T02:43:18.8641634Z including device/motorola/zeekr/vendorsetup.sh
2026-08-06T02:43:18.8976698Z Invalid lunch combo: twrp_zeekr-eng
2026-08-06T02:43:18.8977155Z Valid combos must be of the form <product>-<release>-<variant> when using
2026-08-06T02:43:18.8978110Z the legacy format.  Run 'lunch --help' for usage.
2026-08-06T02:43:48.3068709Z Trying dependencies-only mode on a non-existing device tree?
2026-08-06T02:43:50.6439176Z 
2026-08-06T02:43:50.6552117Z ============================================
2026-08-06T02:43:50.6552742Z PLATFORM_VERSION_CODENAME=REL
2026-08-06T02:43:50.6553154Z PLATFORM_VERSION=16
2026-08-06T02:43:50.6553508Z TARGET_PRODUCT=twrp_zeekr
2026-08-06T02:43:50.6553885Z TARGET_BUILD_VARIANT=eng
2026-08-06T02:43:50.6554242Z TARGET_ARCH=arm64
2026-08-06T02:43:50.6554575Z TARGET_ARCH_VARIANT=armv8-a
2026-08-06T02:43:50.6554963Z TARGET_CPU_VARIANT=generic
2026-08-06T02:43:50.6555319Z HOST_OS=linux
2026-08-06T02:43:50.6555756Z HOST_OS_EXTRA=Linux-6.8.0-1062-azure-x86_64-Ubuntu-22.04.5-LTS
2026-08-06T02:43:50.6556273Z HOST_CROSS_OS=windows
2026-08-06T02:43:50.6556495Z BUILD_ID=BP2A.250605.031.A2
2026-08-06T02:43:50.6556745Z OUT_DIR=/home/runner/fox16/out
2026-08-06T02:43:50.6556984Z SOONG_ONLY=false
2026-08-06T02:43:50.6557187Z ============================================
2026-08-06T02:43:52.2078224Z 02:43:52 ************************************************************
2026-08-06T02:43:52.2079081Z 02:43:52 You are building on a machine with 15.6GB of RAM
2026-08-06T02:43:52.2079590Z 02:43:52 
2026-08-06T02:43:52.2080452Z 02:43:52 The minimum required amount of free memory is around 16GB,
2026-08-06T02:43:52.2081191Z 02:43:52 and even with that, some configurations may not work.
2026-08-06T02:43:52.2081740Z 02:43:52 
2026-08-06T02:43:52.2082184Z 02:43:52 If you run into segfaults or other errors, try reducing your
2026-08-06T02:43:52.2082994Z 02:43:52 -j value.
2026-08-06T02:43:52.2083255Z 02:43:52 ************************************************************
2026-08-06T02:43:52.5476085Z Running product configuration...
2026-08-06T02:43:53.3136422Z ============================================
2026-08-06T02:43:53.3137026Z PLATFORM_VERSION_CODENAME=REL
2026-08-06T02:43:53.3137738Z PLATFORM_VERSION=16
2026-08-06T02:43:53.3138108Z TARGET_PRODUCT=twrp_zeekr
2026-08-06T02:43:53.3138481Z TARGET_BUILD_VARIANT=eng
2026-08-06T02:43:53.3138813Z TARGET_ARCH=arm64
2026-08-06T02:43:53.3139130Z TARGET_ARCH_VARIANT=armv8-a
2026-08-06T02:43:53.3139511Z TARGET_CPU_VARIANT=generic
2026-08-06T02:43:53.3139893Z HOST_OS=linux
2026-08-06T02:43:53.3140375Z HOST_OS_EXTRA=Linux-6.8.0-1062-azure-x86_64-Ubuntu-22.04.5-LTS
2026-08-06T02:43:53.3140942Z HOST_CROSS_OS=windows
2026-08-06T02:43:53.3141299Z BUILD_ID=BP2A.250605.031.A2
2026-08-06T02:43:53.3141687Z OUT_DIR=/home/runner/fox16/out
2026-08-06T02:43:53.3142076Z SOONG_ONLY=false
2026-08-06T02:43:53.3142400Z ============================================
2026-08-06T02:43:54.1935146Z [100% 1/1] bootstrap blueprint
2026-08-06T02:43:54.1941497Z Running globs...
2026-08-06T02:43:54.2486420Z [  1% 2/131] compile /home/runner/fox16/out/host/linux-x86/bin/go/blueprint-gobtools/pkg/github.com/google/blueprint/gobtools.a
2026-08-06T02:43:54.2505191Z [  2% 3/131] compile /home/runner/fox16/out/host/linux-x86/bin/go/blueprint-optional/pkg/github.com/google/blueprint/optional.a
2026-08-06T02:43:54.2600829Z [  3% 4/131] compile /home/runner/fox16/out/host/linux-x86/bin/go/blueprint-deptools/pkg/github.com/google/blueprint/deptools.a
2026-08-06T02:43:54.2621668Z [  3% 5/131] compile /home/runner/fox16/out/host/linux-x86/bin/go/blueprint-metrics/pkg/github.com/google/blueprint/metrics.a
2026-08-06T02:43:54.2667756Z [  4% 6/131] compile /home/runner/fox16/out/host/linux-x86/bin/go/blueprint-syncmap/pkg/github.com/google/blueprint/syncmap.a
2026-08-06T02:43:54.2688714Z [  5% 7/131] compile /home/runner/fox16/out/host/linux-x86/bin/go/blueprint-pool/pkg/github.com/google/blueprint/pool.a
2026-08-06T02:43:54.2826850Z [  6% 8/131] compile /home/runner/fox16/out/host/linux-x86/bin/go/go-cmp-internal-flags/pkg/github.com/google/go-cmp/cmp/internal/flags.a
2026-08-06T02:43:54.2907639Z [  6% 9/131] compile /home/runner/fox16/out/host/linux-x86/bin/go/blueprint-uniquelist/pkg/github.com/google/blueprint/uniquelist.a
2026-08-06T02:43:54.3188079Z [  7% 10/131] compile /home/runner/fox16/out/host/linux-x86/bin/go/blueprint-depset/pkg/github.com/google/blueprint/depset.a
2026-08-06T02:43:54.4173057Z [  8% 11/131] compile /home/runner/fox16/out/host/linux-x86/bin/go/go-cmp-internal-testprotos/pkg/github.com/google/go-cmp/cmp/internal/testprotos.a
2026-08-06T02:43:54.4277948Z [  9% 12/131] compile /home/runner/fox16/out/host/linux-x86/bin/go/go-cmp-internal-function/pkg/github.com/google/go-cmp/cmp/internal/function.a
2026-08-06T02:43:54.4391563Z [  9% 13/131] compile /home/runner/fox16/out/host/linux-x86/bin/go/androidmk-parser/pkg/android/soong/androidmk/parser.a
2026-08-06T02:43:54.4686466Z [ 10% 14/131] compile /home/runner/fox16/out/host/linux-x86/bin/go/go-cmp-internal-diff/pkg/github.com/google/go-cmp/cmp/internal/diff.a
2026-08-06T02:43:54.5093253Z [ 11% 15/131] compile /home/runner/fox16/out/host/linux-x86/bin/go/golang-protobuf-internal-flags/pkg/google.golang.org/protobuf/internal/flags.a
2026-08-06T02:43:54.5416382Z [ 12% 16/131] compile /home/runner/fox16/out/host/linux-x86/bin/go/golang-protobuf-internal-detrand/pkg/google.golang.org/protobuf/internal/detrand.a
2026-08-06T02:43:54.5535752Z [ 12% 17/131] compile /home/runner/fox16/out/host/linux-x86/bin/go/golang-protobuf-internal-pragma/pkg/google.golang.org/protobuf/internal/pragma.a
2026-08-06T02:43:54.5640216Z [ 13% 18/131] compile /home/runner/fox16/out/host/linux-x86/bin/go/golang-protobuf-android/pkg/google.golang.org/protobuf/android.a
2026-08-06T02:43:54.5818988Z [ 14% 19/131] compile /home/runner/fox16/out/host/linux-x86/bin/go/blueprint-pathtools/pkg/github.com/google/blueprint/pathtools.a
2026-08-06T02:43:54.5989654Z [ 15% 20/131] compile /home/runner/fox16/out/host/linux-x86/bin/go/go-cmp-internal-value/pkg/github.com/google/go-cmp/cmp/internal/value.a
2026-08-06T02:43:54.6097895Z [ 16% 21/131] compile /home/runner/fox16/out/host/linux-x86/bin/go/golang-protobuf-internal-set/pkg/google.golang.org/protobuf/internal/set.a
2026-08-06T02:43:54.6143086Z [ 16% 22/131] compile /home/runner/fox16/out/host/linux-x86/bin/go/golang-protobuf-internal-errors/pkg/google.golang.org/protobuf/internal/errors.a
2026-08-06T02:43:54.6168786Z [ 17% 23/131] compile /home/runner/fox16/out/host/linux-x86/bin/go/golang-protobuf-internal-version/pkg/google.golang.org/protobuf/internal/version.a
2026-08-06T02:43:54.6296731Z [ 18% 24/131] compile /home/runner/fox16/out/host/linux-x86/bin/go/blueprint-parser/pkg/github.com/google/blueprint/parser.a
2026-08-06T02:43:54.6329721Z [ 19% 25/131] write /home/runner/fox16/out/host/linux-x86/bin/go/soong-cc/pkg/android/soong/cc.a.embedcfg
2026-08-06T02:43:54.6526506Z [ 19% 26/131] compile /home/runner/fox16/out/host/linux-x86/bin/go/loadplugins/obj/loadplugins.a
2026-08-06T02:43:54.6620519Z [ 20% 27/131] compile /home/runner/fox16/out/host/linux-x86/bin/go/soong-android-allowlists/pkg/android/soong/android/allowlists.a
2026-08-06T02:43:54.6878317Z [ 21% 28/131] compile /home/runner/fox16/out/host/linux-x86/bin/go/golang-protobuf-encoding-protowire/pkg/google.golang.org/protobuf/encoding/protowire.a
2026-08-06T02:43:54.7139079Z [ 22% 29/131] compile /home/runner/fox16/out/host/linux-x86/bin/go/soong-remoteexec/pkg/android/soong/remoteexec.a
2026-08-06T02:43:54.7170757Z [ 22% 30/131] compile /home/runner/fox16/out/host/linux-x86/bin/go/go-cmp-internal-teststructs/pkg/github.com/google/go-cmp/cmp/internal/teststructs.a
2026-08-06T02:43:54.7389578Z [ 23% 31/131] compile /home/runner/fox16/out/host/linux-x86/bin/go/blueprint-bpmodify/pkg/github.com/google/blueprint/bpmodify.a
2026-08-06T02:43:54.7844785Z [ 24% 32/131] compile /home/runner/fox16/out/host/linux-x86/bin/go/soong-response/pkg/android/soong/response.a
2026-08-06T02:43:54.8615348Z [ 25% 33/131] compile /home/runner/fox16/out/host/linux-x86/bin/go/soong-starlark-format/pkg/android/soong/starlark_fmt.a
2026-08-06T02:43:55.0103039Z [ 25% 34/131] link /home/runner/fox16/out/host/linux-x86/bin/go/loadplugins/obj/loadplugins
2026-08-06T02:43:55.0262959Z [ 26% 35/131] cp /home/runner/fox16/out/host/linux-x86/bin/loadplugins
2026-08-06T02:43:55.0349987Z [ 27% 36/131] create /home/runner/fox16/out/host/linux-x86/bin/go/soong_build/gen/plugin.go
2026-08-06T02:43:55.0639414Z [ 28% 37/131] compile /home/runner/fox16/out/host/linux-x86/bin/go/golang-protobuf-reflect-protoreflect/pkg/google.golang.org/protobuf/reflect/protoreflect.a
2026-08-06T02:43:55.1099346Z [ 29% 38/131] compile /home/runner/fox16/out/host/linux-x86/bin/go/golang-protobuf-internal-descopts/pkg/google.golang.org/protobuf/internal/descopts.a
2026-08-06T02:43:55.1866967Z [ 29% 39/131] compile /home/runner/fox16/out/host/linux-x86/bin/go/golang-protobuf-internal-encoding-messageset/pkg/google.golang.org/protobuf/internal/encoding/messageset.a
2026-08-06T02:43:55.2179352Z [ 30% 40/131] compile /home/runner/fox16/out/host/linux-x86/bin/go/golang-protobuf-internal-strs/pkg/google.golang.org/protobuf/internal/strs.a
2026-08-06T02:43:55.2244753Z [ 31% 41/131] compile /home/runner/fox16/out/host/linux-x86/bin/go/golang-protobuf-internal-genid/pkg/google.golang.org/protobuf/internal/genid.a
2026-08-06T02:43:55.2500156Z [ 32% 42/131] compile /home/runner/fox16/out/host/linux-x86/bin/go/golang-protobuf-internal-descfmt/pkg/google.golang.org/protobuf/internal/descfmt.a
2026-08-06T02:43:55.2866301Z [ 32% 43/131] compile /home/runner/fox16/out/host/linux-x86/bin/go/golang-protobuf-runtime-protoiface/pkg/google.golang.org/protobuf/runtime/protoiface.a
2026-08-06T02:43:55.3989223Z [ 33% 44/131] compile /home/runner/fox16/out/host/linux-x86/bin/go/go-cmp/pkg/github.com/google/go-cmp/cmp.a
2026-08-06T02:43:55.4254141Z [ 34% 45/131] compile /home/runner/fox16/out/host/linux-x86/bin/go/golang-protobuf-reflect-protoregistry/pkg/google.golang.org/protobuf/reflect/protoregistry.a
2026-08-06T02:43:55.5649287Z [ 35% 46/131] compile /home/runner/fox16/out/host/linux-x86/bin/go/golang-protobuf-internal-encoding-text/pkg/google.golang.org/protobuf/internal/encoding/text.a
2026-08-06T02:43:55.5676432Z [ 35% 47/131] compile /home/runner/fox16/out/host/linux-x86/bin/go/golang-protobuf-internal-order/pkg/google.golang.org/protobuf/internal/order.a
2026-08-06T02:43:55.6328525Z [ 36% 48/131] compile /home/runner/fox16/out/host/linux-x86/bin/go/golang-protobuf-internal-encoding-defval/pkg/google.golang.org/protobuf/internal/encoding/defval.a
2026-08-06T02:43:55.8668369Z [ 37% 49/131] compile /home/runner/fox16/out/host/linux-x86/bin/go/golang-protobuf-proto/pkg/google.golang.org/protobuf/proto.a
2026-08-06T02:43:55.9997433Z [ 38% 50/131] compile /home/runner/fox16/out/host/linux-x86/bin/go/blueprint-proptools/pkg/github.com/google/blueprint/proptools.a
2026-08-06T02:43:56.0098547Z [ 38% 51/131] compile /home/runner/fox16/out/host/linux-x86/bin/go/soong-shared/pkg/android/soong/shared.a
2026-08-06T02:43:56.2092417Z [ 39% 52/131] compile /home/runner/fox16/out/host/linux-x86/bin/go/golang-protobuf-encoding-prototext/pkg/google.golang.org/protobuf/encoding/prototext.a
2026-08-06T02:43:56.3452103Z [ 40% 53/131] compile /home/runner/fox16/out/host/linux-x86/bin/go/golang-protobuf-internal-filedesc/pkg/google.golang.org/protobuf/internal/filedesc.a
2026-08-06T02:43:56.3956831Z [ 41% 54/131] compile /home/runner/fox16/out/host/linux-x86/bin/go/golang-protobuf-internal-encoding-tag/pkg/google.golang.org/protobuf/internal/encoding/tag.a
2026-08-06T02:43:57.3583253Z [ 41% 55/131] compile /home/runner/fox16/out/host/linux-x86/bin/go/blueprint/pkg/github.com/google/blueprint.a
2026-08-06T02:43:57.3746500Z [ 42% 56/131] compile /home/runner/fox16/out/host/linux-x86/bin/go/soong/pkg/android/soong.a
2026-08-06T02:43:57.5493923Z [ 43% 57/131] compile /home/runner/fox16/out/host/linux-x86/bin/go/blueprint-bootstrap-bpdoc/pkg/github.com/google/blueprint/bootstrap/bpdoc.a
2026-08-06T02:43:57.5567323Z [ 44% 58/131] compile /home/runner/fox16/out/host/linux-x86/bin/go/soong-android-soongconfig/pkg/android/soong/android/soongconfig.a
2026-08-06T02:43:57.7358123Z [ 45% 59/131] compile /home/runner/fox16/out/host/linux-x86/bin/go/golang-protobuf-internal-impl/pkg/google.golang.org/protobuf/internal/impl.a
2026-08-06T02:43:57.7679681Z [ 45% 60/131] compile /home/runner/fox16/out/host/linux-x86/bin/go/blueprint-bootstrap/pkg/github.com/google/blueprint/bootstrap.a
2026-08-06T02:43:57.7951964Z [ 46% 61/131] compile /home/runner/fox16/out/host/linux-x86/bin/go/golang-protobuf-internal-filetype/pkg/google.golang.org/protobuf/internal/filetype.a
2026-08-06T02:43:57.8226282Z [ 47% 62/131] compile /home/runner/fox16/out/host/linux-x86/bin/go/golang-protobuf-runtime-protoimpl/pkg/google.golang.org/protobuf/runtime/protoimpl.a
2026-08-06T02:43:57.8768270Z [ 48% 63/131] compile /home/runner/fox16/out/host/linux-x86/bin/go/soong-android_team_proto/pkg/android/soong/android/team_proto.a
2026-08-06T02:43:57.8785662Z [ 48% 64/131] compile /home/runner/fox16/out/host/linux-x86/bin/go/sbox_proto/pkg/android/soong/cmd/sbox/sbox_proto.a
2026-08-06T02:43:57.9700545Z [ 49% 65/131] compile /home/runner/fox16/out/host/linux-x86/bin/go/soong-ui-metrics_proto/pkg/android/soong/ui/metrics/metrics_proto.a
2026-08-06T02:44:04.0932199Z [ 50% 66/131] compile /home/runner/fox16/out/host/linux-x86/bin/go/soong-android/pkg/android/soong/android.a
2026-08-06T02:44:07.3896902Z [ 51% 67/131] compile /home/runner/fox16/out/host/linux-x86/bin/go/soong-bloaty/pkg/android/soong/bloaty.a
2026-08-06T02:44:07.6520667Z [ 51% 68/131] compile /home/runner/fox16/out/host/linux-x86/bin/go/kernel-config-soong-rules/pkg/android/soong/kernel/configs.a
2026-08-06T02:44:07.7591793Z [ 52% 69/131] compile /home/runner/fox16/out/host/linux-x86/bin/go/soong-aconfig-build_flags/pkg/android/soong/aconfig/build_flags.a
2026-08-06T02:44:08.0371739Z [ 53% 70/131] compile /home/runner/fox16/out/host/linux-x86/bin/go/soong-aidl-library/pkg/android/soong/aidl_library.a
2026-08-06T02:44:08.4518929Z [ 54% 71/131] compile /home/runner/fox16/out/host/linux-x86/bin/go/soong-cc-config/pkg/android/soong/cc/config.a
2026-08-06T02:44:08.5702745Z [ 54% 72/131] compile /home/runner/fox16/out/host/linux-x86/bin/go/soong-aconfig/pkg/android/soong/aconfig.a
2026-08-06T02:44:10.1921945Z [ 55% 73/131] compile /home/runner/fox16/out/host/linux-x86/bin/go/soong-ci-tests/pkg/android/soong/ci_tests.a
2026-08-06T02:44:10.9119098Z [ 56% 74/131] compile /home/runner/fox16/out/host/linux-x86/bin/go/soong-dexpreopt/pkg/android/soong/dexpreopt.a
2026-08-06T02:44:11.2899485Z [ 57% 75/131] compile /home/runner/fox16/out/host/linux-x86/bin/go/soong-compliance/pkg/android/soong/compliance.a
2026-08-06T02:44:12.2231888Z [ 58% 76/131] compile /home/runner/fox16/out/host/linux-x86/bin/go/soong-fuzz/pkg/android/soong/fuzz.a
2026-08-06T02:44:12.4704779Z [ 58% 77/131] compile /home/runner/fox16/out/host/linux-x86/bin/go/soong-icu/pkg/android/soong/icu.a
2026-08-06T02:44:12.7017090Z [ 59% 78/131] compile /home/runner/fox16/out/host/linux-x86/bin/go/soong-etc/pkg/android/soong/etc.a
2026-08-06T02:44:12.8263480Z [ 60% 79/131] compile /home/runner/fox16/out/host/linux-x86/bin/go/soong-genrule/pkg/android/soong/genrule.a
2026-08-06T02:44:13.8045918Z [ 61% 80/131] compile /home/runner/fox16/out/host/linux-x86/bin/go/soong-golang/pkg/android/soong/golang.a
2026-08-06T02:44:15.1296350Z [ 61% 81/131] compile /home/runner/fox16/out/host/linux-x86/bin/go/soong-java-config/pkg/android/soong/java/config.a
2026-08-06T02:44:15.1990094Z [ 62% 82/131] compile /home/runner/fox16/out/host/linux-x86/bin/go/soong-java-config-error_prone/pkg/android/soong/java/config/error_prone.a
2026-08-06T02:44:15.8035768Z [ 63% 83/131] compile /home/runner/fox16/out/host/linux-x86/bin/go/soong-phony/pkg/android/soong/phony.a
2026-08-06T02:44:16.2126662Z [ 64% 84/131] compile /home/runner/fox16/out/host/linux-x86/bin/go/soong-provenance/pkg/android/soong/provenance.a
2026-08-06T02:44:16.2499031Z [ 64% 85/131] compile /home/runner/fox16/out/host/linux-x86/bin/go/soong-rust-config/pkg/android/soong/rust/config.a
2026-08-06T02:44:16.4010429Z [ 65% 86/131] compile /home/runner/fox16/out/host/linux-x86/bin/go/soong-fs_config/pkg/android/soong/fs_config.a
2026-08-06T02:44:17.2000172Z [ 66% 87/131] compile /home/runner/fox16/out/host/linux-x86/bin/go/soong-libchrome/pkg/android/soong/external/libchrome.a
2026-08-06T02:44:17.9660112Z [ 67% 88/131] compile /home/runner/fox16/out/host/linux-x86/bin/go/soong-snapshot/pkg/android/soong/snapshot.a
2026-08-06T02:44:18.2968676Z [ 67% 89/131] compile /home/runner/fox16/out/host/linux-x86/bin/go/soong-tradefed/pkg/android/soong/tradefed.a
2026-08-06T02:44:18.7217655Z [ 68% 90/131] compile /home/runner/fox16/out/host/linux-x86/bin/go/soong-xml/pkg/android/soong/xml.a
2026-08-06T02:44:18.7836487Z [ 69% 91/131] compile /home/runner/fox16/out/host/linux-x86/bin/go/soong-twrp-generator/pkg/twrp/soong/generator.a
2026-08-06T02:44:22.3793246Z [ 70% 92/131] compile /home/runner/fox16/out/host/linux-x86/bin/go/soong-cc/pkg/android/soong/cc.a
2026-08-06T02:44:25.5614446Z [ 70% 93/131] compile /home/runner/fox16/out/host/linux-x86/bin/go/soong-libaosprecovery_defaults/pkg/bootable/recovery/libaosprecovery.a
2026-08-06T02:44:25.7263699Z [ 71% 94/131] compile /home/runner/fox16/out/host/linux-x86/bin/go/soong-kernel/pkg/android/soong/kernel.a
2026-08-06T02:44:25.8239081Z [ 72% 95/131] compile /home/runner/fox16/out/host/linux-x86/bin/go/soong-android-sdk/pkg/android/soong/android_sdk.a
2026-08-06T02:44:25.9580250Z [ 73% 96/131] compile /home/runner/fox16/out/host/linux-x86/bin/go/soong-bpf/pkg/android/soong/bpf.a
2026-08-06T02:44:26.3566139Z [ 74% 97/131] compile /home/runner/fox16/out/host/linux-x86/bin/go/soong-clang-prebuilts/pkg/android/soong/prebuilts/clang/host/linux-x86/clangprebuilts.a
2026-08-06T02:44:26.6531615Z [ 74% 98/131] compile /home/runner/fox16/out/host/linux-x86/bin/go/soong-clang/pkg/android/soong/external/clang.a
2026-08-06T02:44:28.5754083Z [ 75% 99/131] compile /home/runner/fox16/out/host/linux-x86/bin/go/soong-libguitwrp_defaults/pkg/bootable/recovery/gui.a
2026-08-06T02:44:28.5930418Z [ 76% 100/131] compile /home/runner/fox16/out/host/linux-x86/bin/go/soong-libminuitwrp_defaults/pkg/bootable/recovery/minuitwrp.a
2026-08-06T02:44:28.7362411Z [ 77% 101/131] compile /home/runner/fox16/out/host/linux-x86/bin/go/soong-libbpf/pkg/android/soong/bpf/libbpf.a
2026-08-06T02:44:29.4745609Z [ 77% 102/131] compile /home/runner/fox16/out/host/linux-x86/bin/go/soong-linkerconfig/pkg/android/soong/linkerconfig.a
2026-08-06T02:44:29.8528745Z [ 78% 103/131] compile /home/runner/fox16/out/host/linux-x86/bin/go/soong-llvm/pkg/android/soong/external/llvm.a
2026-08-06T02:44:29.8748967Z [ 79% 104/131] compile /home/runner/fox16/out/host/linux-x86/bin/go/soong-noto-fonts/pkg/android/soong/external/noto-fonts.a
2026-08-06T02:44:30.6780510Z [ 80% 105/131] compile /home/runner/fox16/out/host/linux-x86/bin/go/soong-vold_defaults/pkg/system/vold.a
2026-08-06T02:44:32.1221370Z [ 80% 106/131] compile /home/runner/fox16/out/host/linux-x86/bin/go/soong-python/pkg/android/soong/python.a
2026-08-06T02:44:33.0568979Z [ 81% 107/131] compile /home/runner/fox16/out/host/linux-x86/bin/go/soong-rust/pkg/android/soong/rust.a
2026-08-06T02:44:34.4988478Z [ 82% 108/131] compile /home/runner/fox16/out/host/linux-x86/bin/go/soong-rust-prebuilts/pkg/android/soong/prebuilts/rust/rustprebuilts.a
2026-08-06T02:44:40.3787753Z [ 83% 109/131] compile /home/runner/fox16/out/host/linux-x86/bin/go/soong-java/pkg/android/soong/java.a
2026-08-06T02:44:43.3610845Z [ 83% 110/131] compile /home/runner/fox16/out/host/linux-x86/bin/go/hidl-soong-rules/pkg/android/soong/hidl.a
2026-08-06T02:44:47.4070941Z [ 84% 111/131] compile /home/runner/fox16/out/host/linux-x86/bin/go/soong-api/pkg/android/soong/api.a
2026-08-06T02:44:48.2202914Z [ 85% 112/131] compile /home/runner/fox16/out/host/linux-x86/bin/go/soong-aconfig-codegen/pkg/android/soong/aconfig/codegen.a
2026-08-06T02:44:48.5658164Z [ 86% 113/131] compile /home/runner/fox16/out/host/linux-x86/bin/go/soong-csuite/pkg/android/soong/csuite.a
2026-08-06T02:44:48.7481867Z [ 87% 114/131] compile /home/runner/fox16/out/host/linux-x86/bin/go/soong-sh/pkg/android/soong/sh.a
2026-08-06T02:44:49.5937311Z [ 87% 115/131] compile /home/runner/fox16/out/host/linux-x86/bin/go/aidl-soong-rules/pkg/android/soong/aidl.a
2026-08-06T02:44:49.7136071Z [ 88% 116/131] compile /home/runner/fox16/out/host/linux-x86/bin/go/soong-filesystem/pkg/android/soong/filesystem.a
2026-08-06T02:44:49.7565803Z [ 89% 117/131] compile /home/runner/fox16/out/host/linux-x86/bin/go/soong-suite-harness/pkg/android/soong/tradefed/suite_harness.a
2026-08-06T02:44:51.2975700Z [ 90% 118/131] compile /home/runner/fox16/out/host/linux-x86/bin/go/soong-systemfeatures/pkg/android/soong/systemfeatures.a
2026-08-06T02:44:51.8645793Z [ 90% 119/131] compile /home/runner/fox16/out/host/linux-x86/bin/go/soong-tradefed-modules/pkg/android/soong/tradefed_modules.a
2026-08-06T02:44:52.4964071Z [ 91% 120/131] compile /home/runner/fox16/out/host/linux-x86/bin/go/xsdc-soong-rules/pkg/android/soong/xsdc.a
2026-08-06T02:44:52.8060534Z [ 92% 121/131] compile /home/runner/fox16/out/host/linux-x86/bin/go/soong-sysprop/pkg/android/soong/sysprop.a
2026-08-06T02:44:53.4925023Z [ 93% 122/131] compile /home/runner/fox16/out/host/linux-x86/bin/go/soong-fsgen/pkg/android/soong/fsgen.a
2026-08-06T02:44:55.5418922Z [ 93% 123/131] compile /home/runner/fox16/out/host/linux-x86/bin/go/soong-selinux/pkg/android/soong/selinux.a
2026-08-06T02:44:56.5531573Z [ 94% 124/131] compile /home/runner/fox16/out/host/linux-x86/bin/go/soong-apex/pkg/android/soong/apex.a
2026-08-06T02:44:56.6241780Z [ 95% 125/131] compile /home/runner/fox16/out/host/linux-x86/bin/go/vintf-compatibility-matrix-soong-rules/pkg/android/soong/vintf-compatibility-matrix.a
2026-08-06T02:44:57.8437209Z [ 96% 126/131] compile /home/runner/fox16/out/host/linux-x86/bin/go/soong-art/pkg/android/soong/art.a
2026-08-06T02:44:58.7299339Z [ 96% 127/131] compile /home/runner/fox16/out/host/linux-x86/bin/go/soong-sdk/pkg/android/soong/sdk.a
2026-08-06T02:44:59.4820183Z [ 97% 128/131] compile /home/runner/fox16/out/host/linux-x86/bin/go/soong_build/obj/soong_build.a
2026-08-06T02:45:00.8870842Z [ 98% 129/131] link /home/runner/fox16/out/host/linux-x86/bin/go/soong_build/obj/soong_build
2026-08-06T02:45:00.9264672Z [ 99% 130/131] cp /home/runner/fox16/out/host/linux-x86/bin/soong_build
2026-08-06T02:46:55.6596479Z ##[error]The runner has received a shutdown signal. This can happen when the runner service is stopped, or a manually started runner is canceled.
2026-08-06T02:46:55.6599404Z ##[error]Process completed with exit code 143.
2026-08-06T02:46:55.8430597Z Cleaning up orphan processes
2026-08-06T02:46:56.0429134Z ##[warning]Node.js 20 is deprecated. The following actions target Node.js 20 but are being forced to run on Node.js 24: actions/checkout@v4. For more information see: https://github.blog/changelog/2025-09-19-deprecation-of-node-20-on-github-actions-runners/
